date_obs,date_jd,v_quiet,v_disc,v_phot,v_conv,f_bright,f_spot,f,Bobs,vphot_bright,vphot_spot,f_small,f_large,f_network,f_plage,,,,,,,,,,,,,,,,,,,,,,,,,,,,,,,,,,,,,,,,,,,,,,,,,,,,,,,,,,,,,,,,,,,,,,,,,,,,,,,,,
2021-08-05T00:00:00,2459431.5,-18.37,-15.459,0.129,2.91,1.822,0,1.822,8.924,0.129,0,1.674,0.148,1.674,0.148,,,,,,,,,,,,,,,,,,,,,,,,,,,,,,,,,,,,,,,,,,,,,,,,,,,,,,,,,,,,,,,,,,,,,,,,,,,,,,,,,
2021-08-05T00:15:00,2459431.51,-17.241,-14.419,0.125,2.822,1.814,0,1.814,8.912,0.125,0,1.677,0.137,1.677,0.137,,,,,,,,,,,,,,,,,,,,,,,,,,,,,,,,,,,,,,,,,,,,,,,,,,,,,,,,,,,,,,,,,,,,,,,,,,,,,,,,,
2021-08-05T00:30:00,2459431.521,-18.099,-15.313,0.123,2.786,1.8,0,1.8,8.953,0.123,0,1.663,0.137,1.663,0.137,,,,,,,,,,,,,,,,,,,,,,,,,,,,,,,,,,,,,,,,,,,,,,,,,,,,,,,,,,,,,,,,,,,,,,,,,,,,,,,,,
2021-08-05T00:45:00,2459431.531,-17.839,-14.95,0.12,2.889,1.801,0,1.801,8.942,0.12,0,1.668,0.133,1.668,0.133,,,,,,,,,,,,,,,,,,,,,,,,,,,,,,,,,,,,,,,,,,,,,,,,,,,,,,,,,,,,,,,,,,,,,,,,,,,,,,,,,
2021-08-05T01:00:00,2459431.542,-17.128,-14.289,0.122,2.839,1.788,0,1.788,8.959,0.122,0,1.643,0.145,1.643,0.145,,,,,,,,,,,,,,,,,,,,,,,,,,,,,,,,,,,,,,,,,,,,,,,,,,,,,,,,,,,,,,,,,,,,,,,,,,,,,,,,,
2021-08-05T01:15:00,2459431.552,-15.201,-12.262,0.124,2.939,1.797,0,1.797,8.981,0.124,0,1.659,0.138,1.659,0.138,,,,,,,,,,,,,,,,,,,,,,,,,,,,,,,,,,,,,,,,,,,,,,,,,,,,,,,,,,,,,,,,,,,,,,,,,,,,,,,,,
2021-08-05T01:30:00,2459431.563,-15.29,-12.521,0.119,2.769,1.787,0,1.787,8.959,0.119,0,1.637,0.15,1.637,0.15,,,,,,,,,,,,,,,,,,,,,,,,,,,,,,,,,,,,,,,,,,,,,,,,,,,,,,,,,,,,,,,,,,,,,,,,,,,,,,,,,
2021-08-05T01:45:00,2459431.573,-16.006,-13.103,0.127,2.903,1.805,0,1.805,8.98,0.127,0,1.655,0.15,1.655,0.15,,,,,,,,,,,,,,,,,,,,,,,,,,,,,,,,,,,,,,,,,,,,,,,,,,,,,,,,,,,,,,,,,,,,,,,,,,,,,,,,,
2021-08-05T02:00:00,2459431.583,-16.171,-13.258,0.122,2.913,1.786,0,1.786,8.936,0.122,0,1.647,0.138,1.647,0.138,,,,,,,,,,,,,,,,,,,,,,,,,,,,,,,,,,,,,,,,,,,,,,,,,,,,,,,,,,,,,,,,,,,,,,,,,,,,,,,,,
2021-08-05T02:15:00,2459431.594,-16.762,-13.869,0.125,2.894,1.802,0,1.802,8.937,0.125,0,1.661,0.141,1.661,0.141,,,,,,,,,,,,,,,,,,,,,,,,,,,,,,,,,,,,,,,,,,,,,,,,,,,,,,,,,,,,,,,,,,,,,,,,,,,,,,,,,
2021-08-05T02:30:00,2459431.604,-18.921,-16.136,0.121,2.785,1.798,0,1.798,8.921,0.121,0,1.656,0.142,1.656,0.142,,,,,,,,,,,,,,,,,,,,,,,,,,,,,,,,,,,,,,,,,,,,,,,,,,,,,,,,,,,,,,,,,,,,,,,,,,,,,,,,,
2021-08-05T02:45:00,2459431.615,-18.5,-15.499,0.119,3.001,1.799,0,1.799,8.889,0.119,0,1.659,0.14,1.659,0.14,,,,,,,,,,,,,,,,,,,,,,,,,,,,,,,,,,,,,,,,,,,,,,,,,,,,,,,,,,,,,,,,,,,,,,,,,,,,,,,,,
2021-08-05T03:00:00,2459431.625,-19.364,-16.394,0.117,2.969,1.804,0,1.804,8.893,0.117,0,1.664,0.14,1.664,0.14,,,,,,,,,,,,,,,,,,,,,,,,,,,,,,,,,,,,,,,,,,,,,,,,,,,,,,,,,,,,,,,,,,,,,,,,,,,,,,,,,
2021-08-05T03:15:00,2459431.635,-19.583,-16.466,0.117,3.117,1.811,0,1.811,8.876,0.117,0,1.666,0.145,1.666,0.145,,,,,,,,,,,,,,,,,,,,,,,,,,,,,,,,,,,,,,,,,,,,,,,,,,,,,,,,,,,,,,,,,,,,,,,,,,,,,,,,,
2021-08-05T03:30:00,2459431.646,-20.413,-17.311,0.12,3.101,1.822,0,1.822,8.857,0.12,0,1.684,0.138,1.684,0.138,,,,,,,,,,,,,,,,,,,,,,,,,,,,,,,,,,,,,,,,,,,,,,,,,,,,,,,,,,,,,,,,,,,,,,,,,,,,,,,,,
2021-08-05T03:45:00,2459431.656,-21.994,-18.822,0.119,3.172,1.825,0,1.825,8.83,0.119,0,1.681,0.144,1.681,0.144,,,,,,,,,,,,,,,,,,,,,,,,,,,,,,,,,,,,,,,,,,,,,,,,,,,,,,,,,,,,,,,,,,,,,,,,,,,,,,,,,
2021-08-05T04:00:00,2459431.667,-22.974,-19.796,0.122,3.178,1.824,0,1.824,8.809,0.122,0,1.68,0.144,1.68,0.144,,,,,,,,,,,,,,,,,,,,,,,,,,,,,,,,,,,,,,,,,,,,,,,,,,,,,,,,,,,,,,,,,,,,,,,,,,,,,,,,,
2021-08-05T04:15:00,2459431.677,-24.094,-20.883,0.12,3.211,1.832,0,1.832,8.791,0.12,0,1.694,0.138,1.694,0.138,,,,,,,,,,,,,,,,,,,,,,,,,,,,,,,,,,,,,,,,,,,,,,,,,,,,,,,,,,,,,,,,,,,,,,,,,,,,,,,,,
2021-08-05T04:30:00,2459431.688,-22.832,-19.619,0.121,3.214,1.847,0,1.847,8.797,0.121,0,1.7,0.147,1.7,0.147,,,,,,,,,,,,,,,,,,,,,,,,,,,,,,,,,,,,,,,,,,,,,,,,,,,,,,,,,,,,,,,,,,,,,,,,,,,,,,,,,
2021-08-05T04:45:00,2459431.698,-23.142,-19.886,0.122,3.255,1.845,0,1.845,8.767,0.122,0,1.701,0.144,1.701,0.144,,,,,,,,,,,,,,,,,,,,,,,,,,,,,,,,,,,,,,,,,,,,,,,,,,,,,,,,,,,,,,,,,,,,,,,,,,,,,,,,,
2021-08-05T05:00:00,2459431.708,-22.663,-19.292,0.123,3.371,1.856,0,1.856,8.766,0.123,0,1.704,0.153,1.704,0.153,,,,,,,,,,,,,,,,,,,,,,,,,,,,,,,,,,,,,,,,,,,,,,,,,,,,,,,,,,,,,,,,,,,,,,,,,,,,,,,,,
2021-08-05T05:15:00,2459431.719,-24.267,-20.822,0.122,3.445,1.87,0,1.87,8.744,0.122,0,1.717,0.153,1.717,0.153,,,,,,,,,,,,,,,,,,,,,,,,,,,,,,,,,,,,,,,,,,,,,,,,,,,,,,,,,,,,,,,,,,,,,,,,,,,,,,,,,
2021-08-05T05:30:00,2459431.729,-24.431,-20.985,0.121,3.446,1.873,0,1.873,8.746,0.121,0,1.729,0.144,1.729,0.144,,,,,,,,,,,,,,,,,,,,,,,,,,,,,,,,,,,,,,,,,,,,,,,,,,,,,,,,,,,,,,,,,,,,,,,,,,,,,,,,,
2021-08-05T05:45:00,2459431.74,-24.365,-20.94,0.118,3.425,1.876,0,1.876,8.722,0.118,0,1.71,0.165,1.71,0.165,,,,,,,,,,,,,,,,,,,,,,,,,,,,,,,,,,,,,,,,,,,,,,,,,,,,,,,,,,,,,,,,,,,,,,,,,,,,,,,,,
2021-08-05T06:00:00,2459431.75,-24.724,-21.171,0.121,3.553,1.935,0,1.935,9.396,0.121,0,1.774,0.16,1.774,0.16,,,,,,,,,,,,,,,,,,,,,,,,,,,,,,,,,,,,,,,,,,,,,,,,,,,,,,,,,,,,,,,,,,,,,,,,,,,,,,,,,
2021-08-05T06:15:00,2459431.76,-24.768,-21.315,0.12,3.453,1.884,0,1.884,8.685,0.12,0,1.723,0.161,1.723,0.161,,,,,,,,,,,,,,,,,,,,,,,,,,,,,,,,,,,,,,,,,,,,,,,,,,,,,,,,,,,,,,,,,,,,,,,,,,,,,,,,,
2021-08-05T06:30:00,2459431.771,-24.494,-20.934,0.116,3.56,1.882,0,1.882,8.669,0.116,0,1.722,0.16,1.722,0.16,,,,,,,,,,,,,,,,,,,,,,,,,,,,,,,,,,,,,,,,,,,,,,,,,,,,,,,,,,,,,,,,,,,,,,,,,,,,,,,,,
2021-08-05T08:30:00,2459431.854,-12.159,-9.558,0.081,2.601,1.735,0,1.735,7.97,0.081,0,1.536,0.199,1.536,0.199,,,,,,,,,,,,,,,,,,,,,,,,,,,,,,,,,,,,,,,,,,,,,,,,,,,,,,,,,,,,,,,,,,,,,,,,,,,,,,,,,
2021-08-05T08:45:00,2459431.865,-14.111,-10.872,0.088,3.238,1.891,0,1.891,8.482,0.088,0,1.714,0.177,1.714,0.177,,,,,,,,,,,,,,,,,,,,,,,,,,,,,,,,,,,,,,,,,,,,,,,,,,,,,,,,,,,,,,,,,,,,,,,,,,,,,,,,,
2021-08-05T09:15:00,2459431.885,-18.305,-14.69,0.086,3.614,1.929,0,1.929,8.637,0.086,0,1.752,0.177,1.752,0.177,,,,,,,,,,,,,,,,,,,,,,,,,,,,,,,,,,,,,,,,,,,,,,,,,,,,,,,,,,,,,,,,,,,,,,,,,,,,,,,,,
2021-08-05T09:30:00,2459431.896,-19.381,-15.782,0.083,3.599,1.934,0,1.934,8.643,0.083,0,1.763,0.17,1.763,0.17,,,,,,,,,,,,,,,,,,,,,,,,,,,,,,,,,,,,,,,,,,,,,,,,,,,,,,,,,,,,,,,,,,,,,,,,,,,,,,,,,
2021-08-05T10:00:00,2459431.917,-19.81,-16.251,0.08,3.559,1.929,0,1.929,8.638,0.08,0,1.764,0.164,1.764,0.164,,,,,,,,,,,,,,,,,,,,,,,,,,,,,,,,,,,,,,,,,,,,,,,,,,,,,,,,,,,,,,,,,,,,,,,,,,,,,,,,,
2021-08-05T10:15:00,2459431.927,-19.686,-16.185,0.073,3.501,1.924,0,1.925,8.641,0.073,0,1.756,0.169,1.756,0.169,,,,,,,,,,,,,,,,,,,,,,,,,,,,,,,,,,,,,,,,,,,,,,,,,,,,,,,,,,,,,,,,,,,,,,,,,,,,,,,,,
2021-08-05T10:30:00,2459431.938,-18.95,-15.504,0.073,3.445,1.925,0,1.925,8.674,0.073,0,1.756,0.169,1.756,0.169,,,,,,,,,,,,,,,,,,,,,,,,,,,,,,,,,,,,,,,,,,,,,,,,,,,,,,,,,,,,,,,,,,,,,,,,,,,,,,,,,
2021-08-05T10:45:00,2459431.948,-19.694,-16.273,0.071,3.42,1.921,0,1.921,8.661,0.071,0,1.755,0.165,1.755,0.165,,,,,,,,,,,,,,,,,,,,,,,,,,,,,,,,,,,,,,,,,,,,,,,,,,,,,,,,,,,,,,,,,,,,,,,,,,,,,,,,,
2021-08-05T11:00:00,2459431.958,-19.496,-16.113,0.065,3.383,1.925,0,1.925,8.702,0.065,0,1.755,0.169,1.755,0.169,,,,,,,,,,,,,,,,,,,,,,,,,,,,,,,,,,,,,,,,,,,,,,,,,,,,,,,,,,,,,,,,,,,,,,,,,,,,,,,,,
2021-08-05T15:15:00,2459432.135,-20.183,-16.815,0.06,3.368,1.938,0,1.938,8.767,0.06,0,1.787,0.151,1.787,0.151,,,,,,,,,,,,,,,,,,,,,,,,,,,,,,,,,,,,,,,,,,,,,,,,,,,,,,,,,,,,,,,,,,,,,,,,,,,,,,,,,
2021-08-05T15:30:00,2459432.146,-19.505,-16.194,0.06,3.311,1.949,0,1.949,8.755,0.06,0,1.788,0.161,1.788,0.161,,,,,,,,,,,,,,,,,,,,,,,,,,,,,,,,,,,,,,,,,,,,,,,,,,,,,,,,,,,,,,,,,,,,,,,,,,,,,,,,,
2021-08-05T17:00:00,2459432.208,-22.445,-18.967,0.07,3.478,1.936,0,1.936,8.666,0.07,0,1.78,0.157,1.78,0.157,,,,,,,,,,,,,,,,,,,,,,,,,,,,,,,,,,,,,,,,,,,,,,,,,,,,,,,,,,,,,,,,,,,,,,,,,,,,,,,,,
2021-08-05T18:00:00,2459432.25,-23.154,-19.592,0.079,3.562,1.98,0,1.98,9.413,0.079,0,1.8,0.18,1.8,0.18,,,,,,,,,,,,,,,,,,,,,,,,,,,,,,,,,,,,,,,,,,,,,,,,,,,,,,,,,,,,,,,,,,,,,,,,,,,,,,,,,
2021-08-05T18:15:00,2459432.26,-22.109,-18.361,0.083,3.749,1.915,0,1.915,8.588,0.083,0,1.725,0.19,1.725,0.19,,,,,,,,,,,,,,,,,,,,,,,,,,,,,,,,,,,,,,,,,,,,,,,,,,,,,,,,,,,,,,,,,,,,,,,,,,,,,,,,,
2021-08-05T18:30:00,2459432.271,-22.588,-18.924,0.084,3.664,1.917,0,1.917,8.577,0.084,0,1.743,0.174,1.743,0.174,,,,,,,,,,,,,,,,,,,,,,,,,,,,,,,,,,,,,,,,,,,,,,,,,,,,,,,,,,,,,,,,,,,,,,,,,,,,,,,,,
2021-08-05T18:45:00,2459432.281,-22.091,-18.374,0.089,3.717,1.919,0,1.919,8.578,0.089,0,1.756,0.163,1.756,0.163,,,,,,,,,,,,,,,,,,,,,,,,,,,,,,,,,,,,,,,,,,,,,,,,,,,,,,,,,,,,,,,,,,,,,,,,,,,,,,,,,
2021-08-05T19:00:00,2459432.292,-23.056,-19.353,0.092,3.703,1.908,0,1.908,8.58,0.092,0,1.733,0.175,1.733,0.175,,,,,,,,,,,,,,,,,,,,,,,,,,,,,,,,,,,,,,,,,,,,,,,,,,,,,,,,,,,,,,,,,,,,,,,,,,,,,,,,,
2021-08-05T19:15:00,2459432.302,-22.988,-19.384,0.092,3.604,1.909,0,1.909,8.562,0.092,0,1.739,0.17,1.739,0.17,,,,,,,,,,,,,,,,,,,,,,,,,,,,,,,,,,,,,,,,,,,,,,,,,,,,,,,,,,,,,,,,,,,,,,,,,,,,,,,,,
2021-08-05T19:30:00,2459432.313,-22.174,-18.531,0.095,3.643,1.9,0,1.9,8.567,0.095,0,1.726,0.174,1.726,0.174,,,,,,,,,,,,,,,,,,,,,,,,,,,,,,,,,,,,,,,,,,,,,,,,,,,,,,,,,,,,,,,,,,,,,,,,,,,,,,,,,
2021-08-05T19:45:00,2459432.323,-23.859,-20.173,0.091,3.686,1.9,0,1.9,8.589,0.091,0,1.728,0.172,1.728,0.172,,,,,,,,,,,,,,,,,,,,,,,,,,,,,,,,,,,,,,,,,,,,,,,,,,,,,,,,,,,,,,,,,,,,,,,,,,,,,,,,,
2021-08-05T20:00:00,2459432.333,-23.694,-20.14,0.1,3.554,1.907,0,1.907,8.595,0.1,0,1.735,0.172,1.735,0.172,,,,,,,,,,,,,,,,,,,,,,,,,,,,,,,,,,,,,,,,,,,,,,,,,,,,,,,,,,,,,,,,,,,,,,,,,,,,,,,,,
2021-08-05T20:15:00,2459432.344,-24.937,-21.294,0.098,3.642,1.899,0,1.899,8.614,0.098,0,1.734,0.166,1.734,0.166,,,,,,,,,,,,,,,,,,,,,,,,,,,,,,,,,,,,,,,,,,,,,,,,,,,,,,,,,,,,,,,,,,,,,,,,,,,,,,,,,
2021-08-05T20:30:00,2459432.354,-25.112,-21.588,0.099,3.524,1.886,0,1.886,8.622,0.099,0,1.725,0.161,1.725,0.161,,,,,,,,,,,,,,,,,,,,,,,,,,,,,,,,,,,,,,,,,,,,,,,,,,,,,,,,,,,,,,,,,,,,,,,,,,,,,,,,,
2021-08-05T20:45:00,2459432.365,-24.278,-20.714,0.101,3.564,1.891,0,1.891,8.659,0.101,0,1.724,0.168,1.724,0.168,,,,,,,,,,,,,,,,,,,,,,,,,,,,,,,,,,,,,,,,,,,,,,,,,,,,,,,,,,,,,,,,,,,,,,,,,,,,,,,,,
2021-08-05T21:00:00,2459432.375,-24.215,-20.577,0.1,3.638,1.881,0,1.881,8.678,0.1,0,1.712,0.17,1.712,0.17,,,,,,,,,,,,,,,,,,,,,,,,,,,,,,,,,,,,,,,,,,,,,,,,,,,,,,,,,,,,,,,,,,,,,,,,,,,,,,,,,
2021-08-05T21:15:00,2459432.385,-23.602,-20.06,0.098,3.542,1.879,0,1.879,8.686,0.098,0,1.711,0.167,1.711,0.167,,,,,,,,,,,,,,,,,,,,,,,,,,,,,,,,,,,,,,,,,,,,,,,,,,,,,,,,,,,,,,,,,,,,,,,,,,,,,,,,,
2021-08-05T21:30:00,2459432.396,-22.815,-19.178,0.096,3.637,1.872,0,1.872,8.721,0.096,0,1.706,0.165,1.706,0.165,,,,,,,,,,,,,,,,,,,,,,,,,,,,,,,,,,,,,,,,,,,,,,,,,,,,,,,,,,,,,,,,,,,,,,,,,,,,,,,,,
2021-08-05T21:45:00,2459432.406,-25.124,-21.768,0.105,3.356,1.863,0,1.863,8.736,0.105,0,1.709,0.154,1.709,0.154,,,,,,,,,,,,,,,,,,,,,,,,,,,,,,,,,,,,,,,,,,,,,,,,,,,,,,,,,,,,,,,,,,,,,,,,,,,,,,,,,
2021-08-05T22:00:00,2459432.417,-23.791,-20.408,0.098,3.383,1.863,0,1.863,8.768,0.098,0,1.709,0.155,1.709,0.154,,,,,,,,,,,,,,,,,,,,,,,,,,,,,,,,,,,,,,,,,,,,,,,,,,,,,,,,,,,,,,,,,,,,,,,,,,,,,,,,,
2021-08-05T22:15:00,2459432.427,-22.99,-19.699,0.102,3.292,1.846,0,1.846,8.793,0.102,0,1.697,0.149,1.697,0.149,,,,,,,,,,,,,,,,,,,,,,,,,,,,,,,,,,,,,,,,,,,,,,,,,,,,,,,,,,,,,,,,,,,,,,,,,,,,,,,,,
2021-08-05T22:30:00,2459432.438,-23.961,-20.707,0.098,3.254,1.842,0,1.842,8.797,0.098,0,1.685,0.157,1.685,0.157,,,,,,,,,,,,,,,,,,,,,,,,,,,,,,,,,,,,,,,,,,,,,,,,,,,,,,,,,,,,,,,,,,,,,,,,,,,,,,,,,
2021-08-05T22:45:00,2459432.448,-22.424,-19.2,0.1,3.224,1.834,0,1.834,8.817,0.1,0,1.683,0.151,1.683,0.15,,,,,,,,,,,,,,,,,,,,,,,,,,,,,,,,,,,,,,,,,,,,,,,,,,,,,,,,,,,,,,,,,,,,,,,,,,,,,,,,,
2021-08-05T23:15:00,2459432.469,-21.114,-17.995,0.097,3.119,1.842,0,1.842,8.888,0.097,0,1.69,0.152,1.69,0.152,,,,,,,,,,,,,,,,,,,,,,,,,,,,,,,,,,,,,,,,,,,,,,,,,,,,,,,,,,,,,,,,,,,,,,,,,,,,,,,,,
2021-08-05T23:30:00,2459432.479,-20.17,-17.03,0.096,3.14,1.841,0,1.842,8.904,0.096,0,1.694,0.148,1.694,0.148,,,,,,,,,,,,,,,,,,,,,,,,,,,,,,,,,,,,,,,,,,,,,,,,,,,,,,,,,,,,,,,,,,,,,,,,,,,,,,,,,
2021-08-05T23:45:00,2459432.49,-19.128,-16.066,0.096,3.062,1.829,0,1.829,8.91,0.096,0,1.686,0.142,1.686,0.142,,,,,,,,,,,,,,,,,,,,,,,,,,,,,,,,,,,,,,,,,,,,,,,,,,,,,,,,,,,,,,,,,,,,,,,,,,,,,,,,,
2021-08-06T00:00:00,2459432.5,-19.498,-16.321,0.103,3.177,1.827,0,1.827,8.931,0.103,0,1.681,0.147,1.681,0.147,,,,,,,,,,,,,,,,,,,,,,,,,,,,,,,,,,,,,,,,,,,,,,,,,,,,,,,,,,,,,,,,,,,,,,,,,,,,,,,,,
2021-08-06T00:15:00,2459432.51,-18.511,-15.566,0.098,2.945,1.822,0,1.822,8.952,0.098,0,1.667,0.155,1.667,0.155,,,,,,,,,,,,,,,,,,,,,,,,,,,,,,,,,,,,,,,,,,,,,,,,,,,,,,,,,,,,,,,,,,,,,,,,,,,,,,,,,
2021-08-06T00:30:00,2459432.521,-17.196,-14.104,0.095,3.092,1.812,0,1.812,8.952,0.096,0,1.661,0.151,1.661,0.151,,,,,,,,,,,,,,,,,,,,,,,,,,,,,,,,,,,,,,,,,,,,,,,,,,,,,,,,,,,,,,,,,,,,,,,,,,,,,,,,,
2021-08-06T00:45:00,2459432.531,-19.013,-16.002,0.1,3.011,1.818,0,1.818,8.955,0.1,0,1.663,0.155,1.663,0.155,,,,,,,,,,,,,,,,,,,,,,,,,,,,,,,,,,,,,,,,,,,,,,,,,,,,,,,,,,,,,,,,,,,,,,,,,,,,,,,,,
2021-08-06T01:00:00,2459432.542,-18.325,-15.399,0.098,2.925,1.82,0,1.82,8.964,0.098,0,1.675,0.145,1.675,0.145,,,,,,,,,,,,,,,,,,,,,,,,,,,,,,,,,,,,,,,,,,,,,,,,,,,,,,,,,,,,,,,,,,,,,,,,,,,,,,,,,
2021-08-06T01:15:00,2459432.552,-17.302,-14.397,0.093,2.904,1.814,0,1.814,8.968,0.093,0,1.655,0.159,1.655,0.159,,,,,,,,,,,,,,,,,,,,,,,,,,,,,,,,,,,,,,,,,,,,,,,,,,,,,,,,,,,,,,,,,,,,,,,,,,,,,,,,,
2021-08-06T01:30:00,2459432.563,-19.135,-16.119,0.095,3.015,1.804,0,1.804,8.946,0.095,0,1.658,0.146,1.658,0.146,,,,,,,,,,,,,,,,,,,,,,,,,,,,,,,,,,,,,,,,,,,,,,,,,,,,,,,,,,,,,,,,,,,,,,,,,,,,,,,,,
2021-08-06T01:45:00,2459432.573,-16.828,-13.928,0.095,2.9,1.807,0,1.807,8.971,0.095,0,1.666,0.141,1.666,0.141,,,,,,,,,,,,,,,,,,,,,,,,,,,,,,,,,,,,,,,,,,,,,,,,,,,,,,,,,,,,,,,,,,,,,,,,,,,,,,,,,
2021-08-06T02:00:00,2459432.583,-19.081,-16.11,0.097,2.971,1.809,0,1.809,8.948,0.097,0,1.661,0.148,1.661,0.148,,,,,,,,,,,,,,,,,,,,,,,,,,,,,,,,,,,,,,,,,,,,,,,,,,,,,,,,,,,,,,,,,,,,,,,,,,,,,,,,,
2021-08-06T02:00:00,2459432.583,-19.081,-16.11,0.097,2.971,1.809,0,1.809,8.948,0.097,0,1.661,0.148,1.661,0.148,,,,,,,,,,,,,,,,,,,,,,,,,,,,,,,,,,,,,,,,,,,,,,,,,,,,,,,,,,,,,,,,,,,,,,,,,,,,,,,,,
2021-08-06T02:15:00,2459432.594,-19.216,-16.139,0.098,3.077,1.815,0,1.815,8.95,0.098,0,1.664,0.151,1.664,0.151,,,,,,,,,,,,,,,,,,,,,,,,,,,,,,,,,,,,,,,,,,,,,,,,,,,,,,,,,,,,,,,,,,,,,,,,,,,,,,,,,
2021-08-06T02:30:00,2459432.604,-19.861,-16.919,0.093,2.943,1.813,0,1.813,8.912,0.093,0,1.666,0.146,1.666,0.146,,,,,,,,,,,,,,,,,,,,,,,,,,,,,,,,,,,,,,,,,,,,,,,,,,,,,,,,,,,,,,,,,,,,,,,,,,,,,,,,,
2021-08-06T02:45:00,2459432.615,-20.027,-16.951,0.099,3.075,1.822,0,1.822,8.905,0.099,0,1.67,0.152,1.67,0.152,,,,,,,,,,,,,,,,,,,,,,,,,,,,,,,,,,,,,,,,,,,,,,,,,,,,,,,,,,,,,,,,,,,,,,,,,,,,,,,,,
2021-08-06T03:00:00,2459432.625,-20.07,-16.891,0.098,3.18,1.816,0,1.816,8.866,0.098,0,1.652,0.164,1.652,0.164,,,,,,,,,,,,,,,,,,,,,,,,,,,,,,,,,,,,,,,,,,,,,,,,,,,,,,,,,,,,,,,,,,,,,,,,,,,,,,,,,
2021-08-06T03:15:00,2459432.635,-21.837,-18.613,0.098,3.224,1.822,0,1.822,8.855,0.098,0,1.67,0.152,1.67,0.152,,,,,,,,,,,,,,,,,,,,,,,,,,,,,,,,,,,,,,,,,,,,,,,,,,,,,,,,,,,,,,,,,,,,,,,,,,,,,,,,,
2021-08-06T05:30:00,2459432.729,-25.202,-21.693,0.097,3.509,1.867,0,1.867,8.672,0.097,0,1.71,0.157,1.71,0.157,,,,,,,,,,,,,,,,,,,,,,,,,,,,,,,,,,,,,,,,,,,,,,,,,,,,,,,,,,,,,,,,,,,,,,,,,,,,,,,,,
2021-08-06T05:45:00,2459432.74,-26.5,-22.944,0.102,3.556,1.864,0,1.864,8.656,0.102,0,1.709,0.154,1.709,0.154,,,,,,,,,,,,,,,,,,,,,,,,,,,,,,,,,,,,,,,,,,,,,,,,,,,,,,,,,,,,,,,,,,,,,,,,,,,,,,,,,
2021-08-06T06:00:00,2459432.75,-26.702,-22.909,0.102,3.793,1.923,0,1.923,9.356,0.102,0,1.775,0.148,1.775,0.148,,,,,,,,,,,,,,,,,,,,,,,,,,,,,,,,,,,,,,,,,,,,,,,,,,,,,,,,,,,,,,,,,,,,,,,,,,,,,,,,,
2021-08-06T06:15:00,2459432.76,-26.232,-22.452,0.097,3.78,1.878,0,1.878,8.628,0.097,0,1.734,0.144,1.734,0.144,,,,,,,,,,,,,,,,,,,,,,,,,,,,,,,,,,,,,,,,,,,,,,,,,,,,,,,,,,,,,,,,,,,,,,,,,,,,,,,,,
2021-08-06T06:30:00,2459432.771,-25.267,-21.525,0.093,3.742,1.885,0,1.885,8.604,0.093,0,1.729,0.156,1.729,0.156,,,,,,,,,,,,,,,,,,,,,,,,,,,,,,,,,,,,,,,,,,,,,,,,,,,,,,,,,,,,,,,,,,,,,,,,,,,,,,,,,
2021-08-06T08:30:00,2459432.854,-13.124,-10.478,0.068,2.646,1.722,0,1.722,7.85,0.068,0,1.537,0.185,1.537,0.185,,,,,,,,,,,,,,,,,,,,,,,,,,,,,,,,,,,,,,,,,,,,,,,,,,,,,,,,,,,,,,,,,,,,,,,,,,,,,,,,,
2021-08-06T08:45:00,2459432.865,-15.769,-12.371,0.073,3.399,1.867,0,1.867,8.381,0.073,0,1.699,0.168,1.699,0.168,,,,,,,,,,,,,,,,,,,,,,,,,,,,,,,,,,,,,,,,,,,,,,,,,,,,,,,,,,,,,,,,,,,,,,,,,,,,,,,,,
2021-08-06T09:15:00,2459432.885,-20.136,-16.502,0.067,3.635,1.905,0,1.905,8.555,0.067,0,1.749,0.156,1.749,0.156,,,,,,,,,,,,,,,,,,,,,,,,,,,,,,,,,,,,,,,,,,,,,,,,,,,,,,,,,,,,,,,,,,,,,,,,,,,,,,,,,
2021-08-06T09:30:00,2459432.896,-20.556,-16.985,0.066,3.57,1.898,0,1.898,8.546,0.067,0,1.735,0.163,1.735,0.163,,,,,,,,,,,,,,,,,,,,,,,,,,,,,,,,,,,,,,,,,,,,,,,,,,,,,,,,,,,,,,,,,,,,,,,,,,,,,,,,,
2021-08-06T10:00:00,2459432.917,-20.673,-17.078,0.063,3.595,1.903,0,1.903,8.56,0.063,0,1.74,0.163,1.74,0.163,,,,,,,,,,,,,,,,,,,,,,,,,,,,,,,,,,,,,,,,,,,,,,,,,,,,,,,,,,,,,,,,,,,,,,,,,,,,,,,,,
2021-08-06T10:15:00,2459432.927,-21.575,-18.036,0.059,3.539,1.903,0,1.903,8.57,0.059,0,1.749,0.154,1.749,0.154,,,,,,,,,,,,,,,,,,,,,,,,,,,,,,,,,,,,,,,,,,,,,,,,,,,,,,,,,,,,,,,,,,,,,,,,,,,,,,,,,
2021-08-06T10:30:00,2459432.938,-20.695,-17.066,0.058,3.629,1.895,0,1.895,8.581,0.058,0,1.738,0.157,1.738,0.157,,,,,,,,,,,,,,,,,,,,,,,,,,,,,,,,,,,,,,,,,,,,,,,,,,,,,,,,,,,,,,,,,,,,,,,,,,,,,,,,,
2021-08-06T10:45:00,2459432.948,-19.742,-16.227,0.056,3.515,1.899,0,1.899,8.578,0.056,0,1.734,0.166,1.734,0.166,,,,,,,,,,,,,,,,,,,,,,,,,,,,,,,,,,,,,,,,,,,,,,,,,,,,,,,,,,,,,,,,,,,,,,,,,,,,,,,,,
2021-08-06T11:00:00,2459432.958,-19.482,-16.039,0.052,3.443,1.89,0,1.89,8.581,0.052,0,1.725,0.165,1.725,0.165,,,,,,,,,,,,,,,,,,,,,,,,,,,,,,,,,,,,,,,,,,,,,,,,,,,,,,,,,,,,,,,,,,,,,,,,,,,,,,,,,
2021-08-06T11:15:00,2459432.969,-19.902,-16.467,0.051,3.435,1.885,0,1.885,8.615,0.051,0,1.716,0.169,1.716,0.169,,,,,,,,,,,,,,,,,,,,,,,,,,,,,,,,,,,,,,,,,,,,,,,,,,,,,,,,,,,,,,,,,,,,,,,,,,,,,,,,,
2021-08-06T11:30:00,2459432.979,-19.29,-15.824,0.052,3.466,1.889,0,1.889,8.614,0.052,0,1.737,0.152,1.737,0.152,,,,,,,,,,,,,,,,,,,,,,,,,,,,,,,,,,,,,,,,,,,,,,,,,,,,,,,,,,,,,,,,,,,,,,,,,,,,,,,,,
2021-08-06T11:45:00,2459432.99,-19.221,-15.789,0.05,3.431,1.896,0,1.896,8.632,0.05,0,1.731,0.166,1.731,0.166,,,,,,,,,,,,,,,,,,,,,,,,,,,,,,,,,,,,,,,,,,,,,,,,,,,,,,,,,,,,,,,,,,,,,,,,,,,,,,,,,
2021-08-06T12:00:00,2459433,-19.291,-15.867,0.052,3.424,1.899,0,1.899,8.655,0.052,0,1.743,0.157,1.743,0.157,,,,,,,,,,,,,,,,,,,,,,,,,,,,,,,,,,,,,,,,,,,,,,,,,,,,,,,,,,,,,,,,,,,,,,,,,,,,,,,,,
2021-08-06T12:15:00,2459433.01,-18.543,-15.212,0.049,3.331,1.895,0,1.895,8.694,0.049,0,1.745,0.15,1.745,0.15,,,,,,,,,,,,,,,,,,,,,,,,,,,,,,,,,,,,,,,,,,,,,,,,,,,,,,,,,,,,,,,,,,,,,,,,,,,,,,,,,
2021-08-06T12:30:00,2459433.021,-17.905,-14.436,0.047,3.469,1.904,0,1.904,8.689,0.047,0,1.741,0.163,1.741,0.163,,,,,,,,,,,,,,,,,,,,,,,,,,,,,,,,,,,,,,,,,,,,,,,,,,,,,,,,,,,,,,,,,,,,,,,,,,,,,,,,,
2021-08-06T12:45:00,2459433.031,-17.384,-13.983,0.046,3.401,1.885,0,1.885,8.683,0.046,0,1.731,0.154,1.731,0.154,,,,,,,,,,,,,,,,,,,,,,,,,,,,,,,,,,,,,,,,,,,,,,,,,,,,,,,,,,,,,,,,,,,,,,,,,,,,,,,,,
2021-08-06T13:00:00,2459433.042,-17.246,-13.969,0.048,3.277,1.895,0,1.895,8.698,0.048,0,1.74,0.155,1.74,0.155,,,,,,,,,,,,,,,,,,,,,,,,,,,,,,,,,,,,,,,,,,,,,,,,,,,,,,,,,,,,,,,,,,,,,,,,,,,,,,,,,
2021-08-06T14:45:00,2459433.115,-18.199,-14.764,0.056,3.435,1.913,0,1.913,8.698,0.056,0,1.755,0.158,1.755,0.158,,,,,,,,,,,,,,,,,,,,,,,,,,,,,,,,,,,,,,,,,,,,,,,,,,,,,,,,,,,,,,,,,,,,,,,,,,,,,,,,,
2021-08-06T15:00:00,2459433.125,-19.613,-16.13,0.052,3.483,1.91,0,1.91,8.699,0.052,0,1.753,0.156,1.753,0.156,,,,,,,,,,,,,,,,,,,,,,,,,,,,,,,,,,,,,,,,,,,,,,,,,,,,,,,,,,,,,,,,,,,,,,,,,,,,,,,,,
2021-08-06T15:15:00,2459433.135,-20.691,-17.398,0.054,3.293,1.902,0,1.902,8.693,0.054,0,1.752,0.151,1.752,0.151,,,,,,,,,,,,,,,,,,,,,,,,,,,,,,,,,,,,,,,,,,,,,,,,,,,,,,,,,,,,,,,,,,,,,,,,,,,,,,,,,
2021-08-06T15:30:00,2459433.146,-20.917,-17.505,0.061,3.412,1.904,0,1.904,8.67,0.061,0,1.751,0.154,1.751,0.154,,,,,,,,,,,,,,,,,,,,,,,,,,,,,,,,,,,,,,,,,,,,,,,,,,,,,,,,,,,,,,,,,,,,,,,,,,,,,,,,,
2021-08-06T15:45:00,2459433.156,-21.624,-18.206,0.06,3.417,1.909,0,1.909,8.66,0.06,0,1.767,0.143,1.767,0.143,,,,,,,,,,,,,,,,,,,,,,,,,,,,,,,,,,,,,,,,,,,,,,,,,,,,,,,,,,,,,,,,,,,,,,,,,,,,,,,,,
2021-08-06T16:00:00,2459433.167,-21.153,-17.581,0.058,3.573,1.91,0,1.91,8.652,0.058,0,1.754,0.156,1.754,0.156,,,,,,,,,,,,,,,,,,,,,,,,,,,,,,,,,,,,,,,,,,,,,,,,,,,,,,,,,,,,,,,,,,,,,,,,,,,,,,,,,
2021-08-06T16:15:00,2459433.177,-21.268,-17.662,0.063,3.606,1.914,0,1.914,8.613,0.063,0,1.765,0.149,1.765,0.149,,,,,,,,,,,,,,,,,,,,,,,,,,,,,,,,,,,,,,,,,,,,,,,,,,,,,,,,,,,,,,,,,,,,,,,,,,,,,,,,,
2021-08-06T16:30:00,2459433.188,-22.483,-18.885,0.065,3.599,1.908,0,1.908,8.622,0.065,0,1.76,0.148,1.76,0.148,,,,,,,,,,,,,,,,,,,,,,,,,,,,,,,,,,,,,,,,,,,,,,,,,,,,,,,,,,,,,,,,,,,,,,,,,,,,,,,,,
2021-08-06T16:45:00,2459433.198,-23.046,-19.499,0.07,3.546,1.912,0,1.912,8.61,0.07,0,1.777,0.135,1.777,0.135,,,,,,,,,,,,,,,,,,,,,,,,,,,,,,,,,,,,,,,,,,,,,,,,,,,,,,,,,,,,,,,,,,,,,,,,,,,,,,,,,
2021-08-06T17:00:00,2459433.208,-22.85,-19.302,0.069,3.548,1.904,0,1.904,8.573,0.069,0,1.768,0.136,1.768,0.136,,,,,,,,,,,,,,,,,,,,,,,,,,,,,,,,,,,,,,,,,,,,,,,,,,,,,,,,,,,,,,,,,,,,,,,,,,,,,,,,,
2021-08-06T17:15:00,2459433.219,-23.907,-20.283,0.068,3.624,1.896,0,1.896,8.547,0.068,0,1.75,0.147,1.75,0.147,,,,,,,,,,,,,,,,,,,,,,,,,,,,,,,,,,,,,,,,,,,,,,,,,,,,,,,,,,,,,,,,,,,,,,,,,,,,,,,,,
2021-08-06T17:30:00,2459433.229,-24.024,-20.348,0.074,3.676,1.894,0,1.894,8.533,0.074,0,1.748,0.146,1.748,0.146,,,,,,,,,,,,,,,,,,,,,,,,,,,,,,,,,,,,,,,,,,,,,,,,,,,,,,,,,,,,,,,,,,,,,,,,,,,,,,,,,
2021-08-06T17:45:00,2459433.24,-23.52,-19.84,0.076,3.681,1.895,0,1.895,8.524,0.076,0,1.751,0.144,1.751,0.144,,,,,,,,,,,,,,,,,,,,,,,,,,,,,,,,,,,,,,,,,,,,,,,,,,,,,,,,,,,,,,,,,,,,,,,,,,,,,,,,,
2021-08-06T18:00:00,2459433.25,-23.486,-19.811,0.082,3.674,1.962,0,1.962,9.317,0.082,0,1.817,0.146,1.817,0.146,,,,,,,,,,,,,,,,,,,,,,,,,,,,,,,,,,,,,,,,,,,,,,,,,,,,,,,,,,,,,,,,,,,,,,,,,,,,,,,,,
2021-08-06T18:15:00,2459433.26,-24.528,-20.765,0.084,3.763,1.909,0,1.909,8.503,0.084,0,1.765,0.144,1.765,0.144,,,,,,,,,,,,,,,,,,,,,,,,,,,,,,,,,,,,,,,,,,,,,,,,,,,,,,,,,,,,,,,,,,,,,,,,,,,,,,,,,
2021-08-06T18:30:00,2459433.271,-24.482,-20.743,0.086,3.739,1.9,0,1.9,8.523,0.086,0,1.761,0.139,1.761,0.139,,,,,,,,,,,,,,,,,,,,,,,,,,,,,,,,,,,,,,,,,,,,,,,,,,,,,,,,,,,,,,,,,,,,,,,,,,,,,,,,,
2021-08-06T18:45:00,2459433.281,-23.248,-19.463,0.091,3.786,1.892,0,1.892,8.515,0.091,0,1.753,0.139,1.753,0.139,,,,,,,,,,,,,,,,,,,,,,,,,,,,,,,,,,,,,,,,,,,,,,,,,,,,,,,,,,,,,,,,,,,,,,,,,,,,,,,,,
2021-08-06T19:00:00,2459433.292,-22.656,-18.86,0.089,3.796,1.901,0,1.901,8.523,0.089,0,1.762,0.139,1.762,0.139,,,,,,,,,,,,,,,,,,,,,,,,,,,,,,,,,,,,,,,,,,,,,,,,,,,,,,,,,,,,,,,,,,,,,,,,,,,,,,,,,
2021-08-06T19:15:00,2459433.302,-22.06,-18.344,0.095,3.717,1.9,0,1.9,8.514,0.095,0,1.758,0.142,1.758,0.142,,,,,,,,,,,,,,,,,,,,,,,,,,,,,,,,,,,,,,,,,,,,,,,,,,,,,,,,,,,,,,,,,,,,,,,,,,,,,,,,,
2021-08-06T19:30:00,2459433.313,-23.012,-19.274,0.097,3.738,1.889,0,1.889,8.522,0.097,0,1.74,0.149,1.74,0.149,,,,,,,,,,,,,,,,,,,,,,,,,,,,,,,,,,,,,,,,,,,,,,,,,,,,,,,,,,,,,,,,,,,,,,,,,,,,,,,,,
2021-08-06T19:45:00,2459433.323,-23.507,-19.703,0.101,3.804,1.891,0,1.891,8.561,0.101,0,1.736,0.154,1.736,0.154,,,,,,,,,,,,,,,,,,,,,,,,,,,,,,,,,,,,,,,,,,,,,,,,,,,,,,,,,,,,,,,,,,,,,,,,,,,,,,,,,
2021-08-06T20:00:00,2459433.333,-24.134,-20.337,0.1,3.798,1.888,0,1.888,8.569,0.1,0,1.722,0.166,1.722,0.166,,,,,,,,,,,,,,,,,,,,,,,,,,,,,,,,,,,,,,,,,,,,,,,,,,,,,,,,,,,,,,,,,,,,,,,,,,,,,,,,,
2021-08-06T20:15:00,2459433.344,-24.318,-20.627,0.105,3.691,1.886,0,1.886,8.592,0.105,0,1.726,0.16,1.726,0.16,,,,,,,,,,,,,,,,,,,,,,,,,,,,,,,,,,,,,,,,,,,,,,,,,,,,,,,,,,,,,,,,,,,,,,,,,,,,,,,,,
2021-08-06T20:30:00,2459433.354,-24.221,-20.599,0.101,3.622,1.89,0,1.89,8.608,0.101,0,1.731,0.159,1.731,0.159,,,,,,,,,,,,,,,,,,,,,,,,,,,,,,,,,,,,,,,,,,,,,,,,,,,,,,,,,,,,,,,,,,,,,,,,,,,,,,,,,
2021-08-06T21:15:00,2459433.385,-23.87,-20.309,0.104,3.56,1.884,0,1.884,8.677,0.104,0,1.721,0.163,1.721,0.163,,,,,,,,,,,,,,,,,,,,,,,,,,,,,,,,,,,,,,,,,,,,,,,,,,,,,,,,,,,,,,,,,,,,,,,,,,,,,,,,,
2021-08-06T21:30:00,2459433.396,-23.759,-20.213,0.111,3.546,1.876,0,1.876,8.695,0.111,0,1.728,0.148,1.728,0.148,,,,,,,,,,,,,,,,,,,,,,,,,,,,,,,,,,,,,,,,,,,,,,,,,,,,,,,,,,,,,,,,,,,,,,,,,,,,,,,,,
2021-08-06T21:45:00,2459433.406,-24.607,-21.219,0.111,3.388,1.888,0,1.888,8.732,0.111,0,1.736,0.152,1.736,0.152,,,,,,,,,,,,,,,,,,,,,,,,,,,,,,,,,,,,,,,,,,,,,,,,,,,,,,,,,,,,,,,,,,,,,,,,,,,,,,,,,
2021-08-06T22:00:00,2459433.417,-23.348,-20,0.103,3.347,1.88,0,1.88,8.741,0.103,0,1.723,0.157,1.723,0.157,,,,,,,,,,,,,,,,,,,,,,,,,,,,,,,,,,,,,,,,,,,,,,,,,,,,,,,,,,,,,,,,,,,,,,,,,,,,,,,,,
2021-08-06T22:15:00,2459433.427,-22.804,-19.48,0.106,3.324,1.87,0,1.87,8.765,0.106,0,1.715,0.155,1.715,0.155,,,,,,,,,,,,,,,,,,,,,,,,,,,,,,,,,,,,,,,,,,,,,,,,,,,,,,,,,,,,,,,,,,,,,,,,,,,,,,,,,
2021-08-06T22:30:00,2459433.438,-22.359,-18.924,0.11,3.435,1.875,0,1.875,8.794,0.11,0,1.724,0.151,1.724,0.151,,,,,,,,,,,,,,,,,,,,,,,,,,,,,,,,,,,,,,,,,,,,,,,,,,,,,,,,,,,,,,,,,,,,,,,,,,,,,,,,,
2021-08-06T22:45:00,2459433.448,-22.473,-19.105,0.104,3.367,1.861,0,1.861,8.834,0.104,0,1.711,0.15,1.711,0.15,,,,,,,,,,,,,,,,,,,,,,,,,,,,,,,,,,,,,,,,,,,,,,,,,,,,,,,,,,,,,,,,,,,,,,,,,,,,,,,,,
2021-08-06T23:00:00,2459433.458,-20.884,-17.532,0.107,3.352,1.859,0,1.859,8.844,0.107,0,1.711,0.149,1.711,0.149,,,,,,,,,,,,,,,,,,,,,,,,,,,,,,,,,,,,,,,,,,,,,,,,,,,,,,,,,,,,,,,,,,,,,,,,,,,,,,,,,
2021-08-06T23:15:00,2459433.469,-21.415,-18.277,0.107,3.138,1.852,0,1.852,8.864,0.107,0,1.701,0.15,1.701,0.15,,,,,,,,,,,,,,,,,,,,,,,,,,,,,,,,,,,,,,,,,,,,,,,,,,,,,,,,,,,,,,,,,,,,,,,,,,,,,,,,,
2021-08-06T23:30:00,2459433.479,-20.905,-17.693,0.109,3.212,1.855,0,1.855,8.882,0.109,0,1.708,0.146,1.708,0.146,,,,,,,,,,,,,,,,,,,,,,,,,,,,,,,,,,,,,,,,,,,,,,,,,,,,,,,,,,,,,,,,,,,,,,,,,,,,,,,,,
2021-08-06T23:45:00,2459433.49,-19.577,-16.45,0.11,3.128,1.849,0,1.849,8.896,0.11,0,1.703,0.146,1.703,0.146,,,,,,,,,,,,,,,,,,,,,,,,,,,,,,,,,,,,,,,,,,,,,,,,,,,,,,,,,,,,,,,,,,,,,,,,,,,,,,,,,
2021-08-07T00:00:00,2459433.5,-19.959,-16.886,0.108,3.073,1.851,0,1.851,8.924,0.108,0,1.712,0.14,1.712,0.14,,,,,,,,,,,,,,,,,,,,,,,,,,,,,,,,,,,,,,,,,,,,,,,,,,,,,,,,,,,,,,,,,,,,,,,,,,,,,,,,,
2021-08-07T00:15:00,2459433.51,-18.382,-15.258,0.108,3.124,1.843,0,1.843,8.933,0.108,0,1.69,0.153,1.69,0.153,,,,,,,,,,,,,,,,,,,,,,,,,,,,,,,,,,,,,,,,,,,,,,,,,,,,,,,,,,,,,,,,,,,,,,,,,,,,,,,,,
2021-08-07T00:30:00,2459433.521,-18.548,-15.47,0.106,3.078,1.843,0,1.843,8.944,0.106,0,1.696,0.147,1.696,0.147,,,,,,,,,,,,,,,,,,,,,,,,,,,,,,,,,,,,,,,,,,,,,,,,,,,,,,,,,,,,,,,,,,,,,,,,,,,,,,,,,
2021-08-07T00:45:00,2459433.531,-17.087,-13.865,0.107,3.222,1.84,0,1.84,8.953,0.107,0,1.689,0.151,1.689,0.151,,,,,,,,,,,,,,,,,,,,,,,,,,,,,,,,,,,,,,,,,,,,,,,,,,,,,,,,,,,,,,,,,,,,,,,,,,,,,,,,,
2021-08-07T01:00:00,2459433.542,-17.591,-14.533,0.103,3.059,1.843,0,1.843,8.995,0.103,0,1.697,0.146,1.697,0.146,,,,,,,,,,,,,,,,,,,,,,,,,,,,,,,,,,,,,,,,,,,,,,,,,,,,,,,,,,,,,,,,,,,,,,,,,,,,,,,,,
2021-08-07T01:15:00,2459433.552,-17.562,-14.45,0.11,3.111,1.838,0,1.838,8.984,0.11,0,1.692,0.146,1.692,0.146,,,,,,,,,,,,,,,,,,,,,,,,,,,,,,,,,,,,,,,,,,,,,,,,,,,,,,,,,,,,,,,,,,,,,,,,,,,,,,,,,
2021-08-07T01:30:00,2459433.563,-19.391,-16.239,0.107,3.152,1.837,0,1.837,8.952,0.107,0,1.68,0.157,1.68,0.157,,,,,,,,,,,,,,,,,,,,,,,,,,,,,,,,,,,,,,,,,,,,,,,,,,,,,,,,,,,,,,,,,,,,,,,,,,,,,,,,,
2021-08-07T01:45:00,2459433.573,-19.086,-15.853,0.112,3.233,1.849,0,1.849,8.949,0.112,0,1.706,0.143,1.706,0.143,,,,,,,,,,,,,,,,,,,,,,,,,,,,,,,,,,,,,,,,,,,,,,,,,,,,,,,,,,,,,,,,,,,,,,,,,,,,,,,,,
2021-08-07T02:00:00,2459433.583,-18.759,-15.597,0.113,3.162,1.843,0,1.843,8.958,0.113,0,1.693,0.15,1.693,0.15,,,,,,,,,,,,,,,,,,,,,,,,,,,,,,,,,,,,,,,,,,,,,,,,,,,,,,,,,,,,,,,,,,,,,,,,,,,,,,,,,
2021-08-07T02:15:00,2459433.594,-20.484,-17.337,0.112,3.147,1.834,0,1.834,8.938,0.112,0,1.697,0.137,1.697,0.137,,,,,,,,,,,,,,,,,,,,,,,,,,,,,,,,,,,,,,,,,,,,,,,,,,,,,,,,,,,,,,,,,,,,,,,,,,,,,,,,,
2021-08-07T02:30:00,2459433.604,-20.961,-17.788,0.109,3.173,1.847,0,1.847,8.93,0.109,0,1.706,0.14,1.706,0.14,,,,,,,,,,,,,,,,,,,,,,,,,,,,,,,,,,,,,,,,,,,,,,,,,,,,,,,,,,,,,,,,,,,,,,,,,,,,,,,,,
2021-08-07T02:45:00,2459433.615,-20.852,-17.738,0.107,3.114,1.848,0,1.848,8.915,0.107,0,1.711,0.137,1.711,0.137,,,,,,,,,,,,,,,,,,,,,,,,,,,,,,,,,,,,,,,,,,,,,,,,,,,,,,,,,,,,,,,,,,,,,,,,,,,,,,,,,
2021-08-07T03:00:00,2459433.625,-20.517,-17.207,0.106,3.311,1.842,0,1.842,8.898,0.106,0,1.694,0.149,1.694,0.149,,,,,,,,,,,,,,,,,,,,,,,,,,,,,,,,,,,,,,,,,,,,,,,,,,,,,,,,,,,,,,,,,,,,,,,,,,,,,,,,,
2021-08-07T03:15:00,2459433.635,-21.336,-18.04,0.112,3.297,1.855,0,1.855,8.883,0.112,0,1.71,0.145,1.71,0.145,,,,,,,,,,,,,,,,,,,,,,,,,,,,,,,,,,,,,,,,,,,,,,,,,,,,,,,,,,,,,,,,,,,,,,,,,,,,,,,,,
2021-08-07T03:30:00,2459433.646,-21.036,-17.743,0.11,3.293,1.854,0,1.854,8.861,0.11,0,1.708,0.146,1.708,0.146,,,,,,,,,,,,,,,,,,,,,,,,,,,,,,,,,,,,,,,,,,,,,,,,,,,,,,,,,,,,,,,,,,,,,,,,,,,,,,,,,
2021-08-07T03:45:00,2459433.656,-23.553,-20.19,0.109,3.362,1.856,0,1.856,8.828,0.109,0,1.711,0.145,1.711,0.145,,,,,,,,,,date_jd,v_quiet,v_disc,v_phot,v_conv,f_bright,f_spot,f,Bobs,vphot_bright,vphot_spot,f_small,f_large,f_network,f_plage,f_nonconv,quiet_flux,ar_flux,conv_flux,pol_flux,pol_conv_flux,vconv_quiet,vconv_large,vconv_small,,,,,,,,,,,,,,,,,,,,,,,,,,,,,,,,,,,,,,,,,,,,,,,,
2021-08-07T04:00:00,2459433.667,-23.696,-20.382,0.107,3.314,1.863,0,1.863,8.808,0.107,0,1.721,0.142,1.721,0.142,,,,,,,,,,,,,,,,,,,,,,,,,,,,,,,,,,,,,,,,,,,,,,,,,,,,,,,,,,,,,,,,,,,,,,,,,,,,,,,,,
2021-08-07T04:15:00,2459433.677,-23.577,-20.208,0.108,3.369,1.875,0,1.875,8.789,0.108,0,1.722,0.153,1.722,0.153,,,,,,,,,,,,,,,,,,,,,,,,,,,,,,,,,2021-08-07T04:45:00,2459433.698,-26.093,-22.468,0.106,3.625,1.889,0,1.889,8.746,0.106,0,1.741,0.148,1.741,0.148,0,7.449,70.935,126.668,-0.18,-24.201,0.413,0.418,-0.001,,,,,,,,,,,,,,,,,,,,,,,,
2021-08-07T05:15:00,2459433.719,-26.188,-22.588,0.111,3.6,1.88,0,1.88,8.705,0.111,0,1.735,0.145,1.735,0.145,,,,,,,,,,,,,,,,,,,,,,,,,,,,,,,,,,,,,,,,,,,,,,,,,,,,,,,,,,,,,,,,,,,,,,,,,,,,,,,,,
2021-08-07T05:30:00,2459433.729,-26.161,-22.548,0.109,3.614,1.882,0,1.882,8.671,0.109,0,1.742,0.14,1.742,0.14,,,,,,,,,,,,,,,,,,,,,,,,,,,,,,,,,,,,,,,,,,,,,,,,,,,,,,,,,,,,,,,,,,,,,,,,,,,,,,,,,
2021-08-07T05:45:00,2459433.74,-25.328,-21.619,0.112,3.709,1.876,0,1.876,8.665,0.112,0,1.738,0.138,1.738,0.138,,,,,,,,,,,,,,,,,,,,,,,,,,,,,,,,,,,,,,,,,,,,,,,,,,,,,,,,,,,,,,,,,,,,,,,,,,,,,,,,,
2021-08-07T06:00:00,2459433.75,-23.889,-20.143,0.111,3.746,1.93,0,1.93,9.312,0.111,0,1.785,0.145,1.785,0.145,,,,,,,,,,,,,,,,,,,,,,,,,,,,,,,,,,,,,,,,,,,,,,,,,,,,,,,,,,,,,,,,,,,,,,,,,,,,,,,,,
2021-08-07T06:15:00,2459433.76,-25.136,-21.424,0.112,3.712,1.885,0,1.885,8.599,0.112,0,1.739,0.146,1.739,0.146,,,,,,,,,,,,,,,,,,,,,,,,,,,,,,,,,,,,,,,,,,,,,,,,,,,,,,,,,,,,,,,,,,,,,,,,,,,,,,,,,
2021-08-07T06:30:00,2459433.771,-24.593,-20.78,0.1,3.813,1.889,0,1.889,8.582,0.1,0,1.738,0.151,1.738,0.151,,,,,,,,,,,,,,,,,,,,,,,,,,,,,,,,,,,,,,,,,,,,,,,,,,,,,,,,,,,,,,,,,,,,,,,,,,,,,,,,,
2021-08-07T08:30:00,2459433.854,-12.733,-10.027,0.081,2.705,1.731,0,1.731,7.876,0.081,0,1.545,0.186,1.545,0.186,,,,,,,,,,,,,,,,,,,,,,,,,,,,,,,,,,,,,,,,,,,,,,,,,,,,,,,,,,,,,,,,,,,,,,,,,,,,,,,,,
2021-08-07T08:45:00,2459433.865,-13.372,-9.914,0.088,3.459,1.881,0,1.881,8.396,0.088,0,1.719,0.162,1.719,0.162,,,,,,,,,,,,,,,,,,,,,,,,,,,,,,,,,,,,,,,,,,,,,,,,,,,,,,,,,,,,,,,,,,,,,,,,,,,,,,,,,
2021-08-07T09:15:00,2459433.885,-17.954,-14.264,0.082,3.69,1.917,0,1.917,8.59,0.082,0,1.765,0.152,1.765,0.152,,,,,,,,,,,,,,,,,,,,,,,,,,,,,,,,,,,,,,,,,,,,,,,,,,,,,,,,,,,,,,,,,,,,,,,,,,,,,,,,,
2021-08-07T09:30:00,2459433.896,-18.553,-14.978,0.084,3.575,1.909,0,1.909,8.577,0.084,0,1.762,0.147,1.762,0.147,,,,,,,,,,,,,,,,,,,,,,,,,,,,,,,,,,,,,,,,,,,,,,,,,,,,,,,,,,,,,,,,,,,,,,,,,,,,,,,,,
2021-08-07T10:00:00,2459433.917,-21.98,-18.482,0.071,3.499,1.914,0,1.914,8.601,0.071,0,1.759,0.155,1.759,0.155,,,,,,,,,,,,,,,,,,,,,,,,,,,,,,,,,,,,,,,,,,,,,,,,,,,,,,,,,,,,,,,,,,,,,,,,,,,,,,,,,
2021-08-07T10:15:00,2459433.927,-20.727,-17.155,0.075,3.572,1.907,0,1.907,8.621,0.075,0,1.753,0.154,1.753,0.154,,,,,,,,,,,,,,,,,,,,,,,,,,,,,,,,,,,,,,,,,,,,,,,,,,,,,,,,,,,,,,,,,,,,,,,,,,,,,,,,,
2021-08-07T10:30:00,2459433.938,-20.932,-17.415,0.072,3.517,1.907,0,1.907,8.61,0.072,0,1.757,0.15,1.757,0.15,,,,,,,,,,,,,,,,,,,,,,,,,,,,,,,,,,,,,,,,,,,,,,,,,,,,,,,,,,,,,,,,,,,,,,,,,,,,,,,,,
2021-08-07T11:15:00,2459433.969,-19.215,-15.717,0.066,3.498,1.92,0,1.92,8.659,0.066,0,1.754,0.165,1.754,0.165,,,,,,,,,,,,,,,,,,,,,,,,,,,,,,,,,,,,,,,,,,,,,,,,,,,,,,,,,,,,,,,,,,,,,,,,,,,,,,,,,
2021-08-07T11:30:00,2459433.979,-18.045,-14.772,0.058,3.273,1.912,0,1.912,8.669,0.058,0,1.754,0.158,1.754,0.158,,,,,,,,,,,,,,,,,,,,,,,,,,,,,,,,,,,,,,,,,,,,,,,,,,,,,,,,,,,,,,,,,,,,,,,,,,,,,,,,,
2021-08-07T11:45:00,2459433.99,-16.997,-13.531,0.063,3.466,1.913,0,1.913,8.697,0.063,0,1.771,0.142,1.771,0.142,,,,,,,,,,,,,,,,,,,,,,,,,,,,,,,,,,,,,,,,,,,,,,,,,,,,,,,,,,,,,,,,,,,,,,,,,,,,,,,,,
2021-08-07T12:00:00,2459434,-18.604,-15.332,0.066,3.272,1.905,0,1.905,8.716,0.066,0,1.753,0.151,1.753,0.151,,,,,,,,,,,,,,,,,,,,,,,,,,,,,,,,,,,,,,,,,,,,,,,,,,,,,,,,,,,,,,,,,,,,,,,,,,,,,,,,,
2021-08-07T12:15:00,2459434.01,-17.385,-13.994,0.057,3.391,1.9,0,1.9,8.703,0.057,0,1.758,0.143,1.758,0.143,,,,,,,,,,,,,,,,,,,,,,,,,,,,,,,,,,,,,,,,,,,,,,,,,,,,,,,,,,,,,,,,,,,,,,,,,,,,,,,,,
2021-08-07T12:30:00,2459434.021,-16.026,-12.6,0.068,3.426,1.918,0,1.918,8.72,0.068,0,1.769,0.15,1.769,0.15,,,,,,,,,,,,,,,,,,,,,,,,,,,,,,,,,,,,,,,,,,,,,,,,,,,,,,,,,,,,,,,,,,,,,,,,,,,,,,,,,
2021-08-07T12:45:00,2459434.031,-16.975,-13.605,0.062,3.37,1.902,0,1.902,8.729,0.062,0,1.758,0.144,1.758,0.144,,,,,,,,,,,,,,,,,,,,,,,,,,,,,,,,,,,,,,,,,,,,,,,,,,,,,,,,,,,,,,,,,,,,,,,,,,,,,,,,,
2021-08-07T13:00:00,2459434.042,-17.051,-13.654,0.059,3.397,1.902,0,1.902,8.724,0.059,0,1.752,0.15,1.752,0.15,,,,,,,,,,,,,,,,,,,,,,,,,,,,,,,,,,,,,,,,,,,,,,,,,,,,,,,,,,,,,,,,,,,,,,,,,,,,,,,,,
2021-08-07T13:15:00,2459434.052,-18.283,-14.947,0.06,3.336,1.904,0,1.904,8.718,0.06,0,1.75,0.154,1.75,0.154,,,,,,,,,,,,,,,,,,,,,,,,,,,,,,,,,,,,,,,,,,,,,,,,,,,,,,,,,,,,,,,,,,,,,,,,,,,,,,,,,
2021-08-07T13:30:00,2459434.063,-18.325,-14.968,0.059,3.357,1.907,0,1.907,8.724,0.059,0,1.761,0.147,1.761,0.147,,,,,,,,,,,,,,,,,,,,,,,,,,,,,,,,,,,,,,,,,,,,,,,,,,,,,,,,,,,,,,,,,,,,,,,,,,,,,,,,,
2021-08-07T13:45:00,2459434.073,-18.822,-15.516,0.057,3.306,1.907,0,1.907,8.719,0.057,0,1.764,0.143,1.764,0.143,,,,,,,,,,,,,,,,,,,,,,,,,,,,,,,,,,,,,,,,,,,,,,,,,,,,,,,,,,,,,,,,,,,,,,,,,,,,,,,,,
2021-08-07T14:00:00,2459434.083,-18.567,-15.268,0.058,3.299,1.901,0,1.901,8.697,0.058,0,1.76,0.141,1.76,0.141,,,,,,,,,,,,,,,,,,,,,,,,,,,,,,,,,,,,,,,,,,,,,,,,,,,,,,,,,,,,,,,,,,,,,,,,,,,,,,,,,
2021-08-07T14:15:00,2459434.094,-17.849,-14.442,0.056,3.407,1.895,0,1.895,8.685,0.056,0,1.762,0.133,1.762,0.133,,,,,,,,,,,,,,,,,,,,,,,,,,,,,,,,,,,,,,,,,,,,,,,,,,,,,,,,,,,,,,,,,,,,,,,,,,,,,,,,,
2021-08-07T14:30:00,2459434.104,-18.636,-15.275,0.055,3.362,1.894,0,1.894,8.686,0.055,0,1.755,0.138,1.755,0.138,,,,,,,,,,,,,,,,,,,,,,,,,,,,,,,,,,,,,,,,,,,,,,,,,,,,,,,,,,,,,,,,,,,,,,,,,,,,,,,,,
2021-08-07T14:45:00,2459434.115,-18.451,-15.049,0.057,3.401,1.909,0,1.909,8.664,0.057,0,1.78,0.129,1.78,0.129,,,,,,,,,,,,,,,,,,,,,,,,,,,,,,,,,,,,,,,,,,,,,,,,,,,,,,,,,,,,,,,,,,,,,,,,,,,,,,,,,
2021-08-07T15:00:00,2459434.125,-19.673,-16.315,0.059,3.358,1.903,0,1.903,8.669,0.059,0,1.778,0.126,1.778,0.126,,,,,,,,,,,,,,,,,,,,,,,,,,,,,,,,,,,,,,,,,,,,,,,,,,,,,,,,,,,,,,,,,,,,,,,,,,,,,,,,,
2021-08-07T15:15:00,2459434.135,-19.706,-16.44,0.059,3.266,1.896,0,1.896,8.642,0.059,0,1.775,0.121,1.775,0.121,,,,,,,,,,,,,,,,,,,,,,,,,,,,,,,,,,,,,,,,,,,,,,,,,,,,,,,,,,,,,,,,,,,,,,,,,,,,,,,,,
2021-08-07T15:30:00,2459434.146,-19.857,-16.469,0.053,3.387,1.899,0,1.899,8.622,0.053,0,1.773,0.126,1.773,0.126,,,,,,,,,,,,,,,,,,,,,,,,,,,,,,,,,,,,,,,,,,,,,,,,,,,,,,,,,,,,,,,,,,,,,,,,,,,,,,,,,
2021-08-07T15:45:00,2459434.156,-21.093,-17.715,0.063,3.378,1.893,0,1.893,8.595,0.063,0,1.753,0.141,1.753,0.141,,,,,,,,,,,,,,,,,,,,,,,,,,,,,,,,,,,,,,,,,,,,,,,,,,,,,,,,,,,,,,,,,,,,,,,,,,,,,,,,,
2021-08-07T16:00:00,2459434.167,-21.578,-18.054,0.066,3.524,1.901,0,1.901,8.587,0.066,0,1.77,0.131,1.77,0.131,,,,,,,,,,,,,,,,,,,,,,,,,,,,,,,,,,,,,,,,,,,,,,,,,,,,,,,,,,,,,,,,,,,,,,,,,,,,,,,,,
2021-08-07T16:15:00,2459434.177,-22.224,-18.687,0.06,3.537,1.898,0,1.898,8.56,0.06,0,1.763,0.135,1.763,0.135,,,,,,,,,,,,,,,,,,,,,,,,,,,,,,,,,,,,,,,,,,,,,,,,,,,,,,,,,,,,,,,,,,,,,,,,,,,,,,,,,
2021-08-07T16:30:00,2459434.188,-22.726,-19.087,0.061,3.639,1.901,0,1.901,8.539,0.061,0,1.764,0.136,1.764,0.136,,,,,,,,,,,,,,,,,,,,,,,,,,,,,,,,,,,,,,,,,,,,,,,,,,,,,,,,,,,,,,,,,,,,,,,,,,,,,,,,,
2021-08-07T16:45:00,2459434.198,-23.784,-20.235,0.06,3.55,1.909,0,1.909,8.534,0.06,0,1.76,0.149,1.76,0.149,,,,,,,,,,,,,,,,,,,,,,,,,,,,,,,,,,,,,,,,,,,,,,,,,,,,,,,,,,,,,,,,,,,,,,,,,,,,,,,,,
2021-08-07T17:00:00,2459434.208,-23.334,-19.718,0.064,3.617,1.909,0,1.909,8.525,0.064,0,1.764,0.145,1.764,0.145,,,,,,,,,,,,,,,,,,,,,,,,,,,,,,,,,,,,,,,,,,,,,,,,,,,,,,,,,,,,,,,,,,,,,,,,,,,,,,,,,
2021-08-07T17:15:00,2459434.219,-23.035,-19.463,0.072,3.572,1.916,0,1.916,8.527,0.072,0,1.768,0.148,1.768,0.148,,,,,,,,,,,,,,,,,,,,,,,,,,,,,,,,,,,,,,,,,,,,,,,,,,,,,,,,,,,,,,,,,,,,,,,,,,,,,,,,,
2021-08-07T17:30:00,2459434.229,-23.211,-19.476,0.073,3.736,1.925,0,1.925,8.524,0.073,0,1.803,0.123,1.803,0.123,,,,,,,,,,,,,,,,,,,,,,,,,,,,,,,,,,,,,,,,,,,,,,,,,,,,,,,,,,,,,,,,,,,,,,,,,,,,,,,,,
2021-08-07T17:45:00,2459434.24,-22.14,-18.375,0.072,3.765,1.917,0,1.917,8.497,0.072,0,1.787,0.13,1.787,0.13,,,,,,,,,,,,,,,,,,,,,,,,,,,,,,,,,,,,,,,,,,,,,,,,,,,,,,,,,,,,,,,,,,,,,,,,,,,,,,,,,
2021-08-07T18:00:00,2459434.25,-22.918,-19.153,0.081,3.765,1.977,0,1.977,9.306,0.081,0,1.851,0.126,1.851,0.126,,,,,,,,,,,,,,,,,,,,,,,,,,,,,,,,,,,,,,,,,,,,,,,,,,,,,,,,,,,,,,,,,,,,,,,,,,,,,,,,,
2021-08-07T18:15:00,2459434.26,-24.26,-20.489,0.072,3.771,1.905,0,1.905,8.491,0.072,0,1.779,0.126,1.779,0.126,,,,,,,,,,,,,,,,,,,,,,,,,,,,,,,,,,,,,,,,,,,,,,,,,,,,,,,,,,,,,,,,,,,,,,,,,,,,,,,,,
2021-08-07T18:30:00,2459434.271,-22.792,-18.969,0.077,3.823,1.91,0,1.91,8.513,0.077,0,1.797,0.113,1.797,0.113,,,,,,,,,,,,,,,,,,,,,,,,,,,,,,,,,,,,,,,,,,,,,,,,,,,,,,,,,,,,,,,,,,,,,,,,,,,,,,,,,
2021-08-07T18:45:00,2459434.281,-23.964,-20.17,0.079,3.793,1.903,0,1.903,8.499,0.079,0,1.774,0.129,1.774,0.129,,,,,,,,,,,,,,,,,,,,,,,,,,,,,,,,,,,,,,,,,,,,,,,,,,,,,,,,,,,,,,,,,,,,,,,,,,,,,,,,,
2021-08-07T19:00:00,2459434.292,-23.353,-19.639,0.081,3.714,1.906,0,1.906,8.517,0.081,0,1.776,0.131,1.776,0.131,,,,,,,,,,,,,,,,,,,,,,,,,,,,,,,,,,,,,,,,,,,,,,,,,,,,,,,,,,,,,,,,,,,,,,,,,,,,,,,,,
2021-08-07T19:15:00,2459434.302,-23.512,-19.801,0.085,3.711,1.908,0,1.908,8.53,0.085,0,1.782,0.127,1.782,0.127,,,,,,,,,,,,,,,,,,,,,,,,,,,,,,,,,,,,,,,,,,,,,,,,,,,,,,,,,,,,,,,,,,,,,,,,,,,,,,,,,
2021-08-07T19:30:00,2459434.313,-23.103,-19.317,0.089,3.786,1.897,0,1.897,8.524,0.089,0,1.758,0.14,1.758,0.14,,,,,,,,,,,,,,,,,,,,,,,,,,,,,,,,,,,,,,,,,,,,,,,,,,,,,,,,,,,,,,,,,,,,,,,,,,,,,,,,,
2021-08-07T19:45:00,2459434.323,-23.928,-20.161,0.081,3.767,1.892,0,1.892,8.547,0.081,0,1.758,0.135,1.758,0.135,,,,,,,,,,,,,,,,,,,,,,,,,,,,,,,,,,,,,,,,,,,,,,,,,,,,,,,,,,,,,,,,,,,,,,,,,,,,,,,,,
2021-08-07T20:00:00,2459434.333,-22.998,-19.154,0.085,3.844,1.9,0,1.9,8.572,0.085,0,1.767,0.133,1.767,0.133,,,,,,,,,,,,,,,,,,,,,,,,,,,,,,,,,,,,,,,,,,,,,,,,,,,,,,,,,,,,,,,,,,,,,,,,,,,,,,,,,
2021-08-07T20:15:00,2459434.344,-22.796,-18.989,0.085,3.807,1.895,0,1.895,8.59,0.085,0,1.757,0.138,1.757,0.138,,,,,,,,,,,,,,,,,,,,,,,,,,,,,,,,,,,,,,,,,,,,,,,,,,,,,,,,,,,,,,,,,,,,,,,,,,,,,,,,,
2021-08-07T20:30:00,2459434.354,-22.595,-18.977,0.087,3.618,1.9,0,1.9,8.612,0.087,0,1.757,0.143,1.757,0.143,,,,,,,,,,,,,,,,,,,,,,,,,,,,,,,,,,,,,,,,,,,,,,,,,,,,,,,,,,,,,,,,,,,,,,,,,,,,,,,,,
2021-08-07T20:45:00,2459434.365,-21.659,-17.975,0.087,3.684,1.898,0,1.898,8.661,0.087,0,1.771,0.127,1.771,0.127,,,,,,,,,,,,,,,,,,,,,,,,,,,,,,,,,,,,,,,,,,,,,,,,,,,,,,,,,,,,,,,,,,,,,,,,,,,,,,,,,
2021-08-07T21:00:00,2459434.375,-23.501,-19.859,0.085,3.642,1.892,0,1.892,8.652,0.085,0,1.752,0.14,1.752,0.14,,,,,,,,,,,,,,,,,,,,,,,,,,,,,,,,,,,,,,,,,,,,,,,,,,,,,,,,,,,,,,,,,,,,,,,,,,,,,,,,,
2021-08-07T21:15:00,2459434.385,-23.499,-19.883,0.08,3.616,1.88,0,1.88,8.679,0.08,0,1.744,0.136,1.744,0.136,,,,,,,,,,,,,,,,,,,,,,,,,,,,,,,,,,,,,,,,,,,,,,,,,,,,,,,,,,,,,,,,,,,,,,,,,,,,,,,,,
2021-08-07T21:30:00,2459434.396,-23.839,-20.282,0.085,3.557,1.891,0,1.891,8.699,0.085,0,1.761,0.13,1.761,0.13,,,,,,,,,,,,,,,,,,,,,,,,,,,,,,,,,,,,,,,,,,,,,,,,,,,,,,,,,,,,,,,,,,,,,,,,,,,,,,,,,
2021-08-07T21:45:00,2459434.406,-24.451,-20.951,0.079,3.5,1.881,0,1.881,8.728,0.079,0,1.752,0.129,1.752,0.129,,,,,,,,,,,,,,,,,,,,,,,,,,,,,,,,,,,,,,,,,,,,,,,,,,,,,,,,,,,,,,,,,,,,,,,,,,,,,,,,,
2021-08-07T22:00:00,2459434.417,-22.403,-18.948,0.08,3.455,1.876,0,1.876,8.76,0.08,0,1.74,0.136,1.74,0.136,,,,,,,,,,,,,,,,,,,,,,,,,,,,,,,,,,,,,,,,,,,,,,,,,,,,,,,,,,,,,,,,,,,,,,,,,,,,,,,,,
2021-08-07T22:15:00,2459434.427,-22.044,-18.611,0.084,3.433,1.878,0,1.878,8.802,0.084,0,1.744,0.135,1.744,0.135,,,,,,,,,,,,,,,,,,,,,,,,,,,,,,,,,,,,,,,,,,,,,,,,,,,,,,,,,,,,,,,,,,,,,,,,,,,,,,,,,
2021-08-07T22:30:00,2459434.438,-22.473,-19.097,0.077,3.376,1.857,0,1.857,8.819,0.077,0,1.728,0.129,1.728,0.129,,,,,,,,,,,,,,,,,,,,,,,,,,,,,,,,,,,,,,,,,,,,,,,,,,,,,,,,,,,,,,,,,,,,,,,,,,,,,,,,,
2021-08-07T22:45:00,2459434.448,-19.936,-16.534,0.079,3.402,1.866,0,1.866,8.832,0.079,0,1.742,0.124,1.742,0.124,,,,,,,,,,,,,,,,,,,,,,,,,,,,,,,,,,,,,,,,,,,,,,,,,,,,,,,,,,,,,,,,,,,,,,,,,,,,,,,,,
2021-08-07T23:00:00,2459434.458,-19.941,-16.638,0.081,3.303,1.865,0,1.865,8.871,0.081,0,1.723,0.142,1.723,0.142,,,,,,,,,,,,,,,,,,,,,,,,,,,,,,,,,,,,,,,,,,,,,,,,,,,,,,,,,,,,,,,,,,,,,,,,,,,,,,,,,
2021-08-07T23:15:00,2459434.469,-20.611,-17.394,0.077,3.217,1.844,0,1.844,8.874,0.077,0,1.701,0.143,1.701,0.143,,,,,,,,,,,,,,,,,,,,,,,,,,,,,,,,,,,,,,,,,,,,,,,,,,,,,,,,,,,,,,,,,,,,,,,,,,,,,,,,,
2021-08-07T23:30:00,2459434.479,-21.391,-18.17,0.078,3.221,1.847,0,1.847,8.869,0.078,0,1.707,0.14,1.707,0.14,,,,,,,,,,,,,,,,,,,,,,,,,,,,,,,,,,,,,,,,,,,,,,,,,,,,,,,,,,,,,,,,,,,,,,,,,,,,,,,,,
2021-08-07T23:45:00,2459434.49,-18.634,-15.416,0.073,3.218,1.832,0,1.832,8.903,0.073,0,1.711,0.121,1.711,0.121,,,,,,,,,,,,,,,,,,,,,,,,,,,,,,,,,,,,,,,,,,,,,,,,,,,,,,,,,,,,,,,,,,,,,,,,,,,,,,,,,
2021-08-08T00:00:00,2459434.5,-18.164,-14.952,0.067,3.212,1.834,0,1.834,8.922,0.067,0,1.699,0.136,1.699,0.136,,,,,,,,,,,,,,,,,,,,,,,,,,,,,,,,,,,,,,,,,,,,,,,,,,,,,,,,,,,,,,,,,,,,,,,,,,,,,,,,,
2021-08-08T00:15:00,2459434.51,-19.797,-16.662,0.07,3.135,1.841,0,1.841,8.936,0.07,0,1.716,0.125,1.716,0.125,,,,,,,,,,,,,,,,,,,,,,,,,,,,,,,,,,,,,,,,,,,,,,,,,,,,,,,,,,,,,,,,,,,,,,,,,,,,,,,,,
2021-08-08T00:30:00,2459434.521,-18.175,-15.076,0.077,3.099,1.829,0,1.829,8.956,0.077,0,1.699,0.13,1.699,0.13,,,,,,,,,,,,,,,,,,,,,,,,,,,,,,,,,,,,,,,,,,,,,,,,,,,,,,,,,,,,,,,,,,,,,,,,,,,,,,,,,
2021-08-08T00:45:00,2459434.531,-18.257,-15.09,0.067,3.166,1.829,0,1.829,8.992,0.067,0,1.704,0.124,1.704,0.124,,,,,,,,,,,,,,,,,,,,,,,,,,,,,,,,,,,,,,,,,,,,,,,,,,,,,,,,,,,,,,,,,,,,,,,,,,,,,,,,,
2021-08-08T01:00:00,2459434.542,-18.713,-15.716,0.071,2.997,1.831,0,1.831,8.972,0.071,0,1.704,0.127,1.704,0.127,,,,,,,,,,,,,,,,,,,,,,,,,,,,,,,,,,,,,,,,,,,,,,,,,,,,,,,,,,,,,,,,,,,,,,,,,,,,,,,,,
2021-08-08T01:15:00,2459434.552,-17.523,-14.405,0.068,3.119,1.835,0,1.835,8.967,0.068,0,1.713,0.122,1.713,0.122,,,,,,,,,,,,,,,,,,,,,,,,,,,,,,,,,,,,,,,,,,,,,,,,,,,,,,,,,,,,,,,,,,,,,,,,,,,,,,,,,
2021-08-08T01:30:00,2459434.563,-17.416,-14.299,0.064,3.117,1.842,0,1.842,8.962,0.064,0,1.702,0.14,1.702,0.14,,,,,,,,,,,,,,,,,,,,,,,,,,,,,,,,,,,,,,,,,,,,,,,,,,,,,,,,,,,,,,,,,,,,,,,,,,,,,,,,,
2021-08-08T01:45:00,2459434.573,-18.641,-15.546,0.062,3.095,1.858,0,1.858,8.99,0.062,0,1.725,0.133,1.725,0.133,,,,,,,,,,,,,,,,,,,,,,,,,,,,,,,,,,,,,,,,,,,,,,,,,,,,,,,,,,,,,,,,,,,,,,,,,,,,,,,,,
2021-08-08T02:00:00,2459434.583,-17.338,-14.158,0.063,3.18,1.866,0,1.866,8.978,0.063,0,1.73,0.136,1.73,0.136,,,,,,,,,,,,,,,,,,,,,,,,,,,,,,,,,,,,,,,,,,,,,,,,,,,,,,,,,,,,,,,,,,,,,,,,,,,,,,,,,
2021-08-08T02:15:00,2459434.594,-18.822,-15.686,0.061,3.136,1.861,0,1.861,8.968,0.061,0,1.703,0.158,1.703,0.158,,,,,,,,,,,,,,,,,,,,,,,,,,,,,,,,,,,,,,,,,,,,,,,,,,,,,,,,,,,,,,,,,,,,,,,,,,,,,,,,,
2021-08-08T02:30:00,2459434.604,-19.618,-16.427,0.059,3.191,1.87,0,1.87,8.961,0.059,0,1.714,0.156,1.714,0.156,,,,,,,,,,,,,,,,,,,,,,,,,,,,,,,,,,,,,,,,,,,,,,,,,,,,,,,,,,,,,,,,,,,,,,,,,,,,,,,,,
2021-08-08T02:45:00,2459434.615,-20.918,-17.775,0.057,3.142,1.865,0,1.865,8.937,0.057,0,1.717,0.149,1.717,0.149,,,,,,,,,,,,,,,,,,,,,,,,,,,,,,,,,,,,,,,,,,,,,,,,,,,,,,,,,,,,,,,,,,,,,,,,,,,,,,,,,
2021-08-08T03:00:00,2459434.625,-22.165,-19.014,0.06,3.151,1.867,0,1.867,8.927,0.06,0,1.723,0.144,1.723,0.144,,,,,,,,,,,,,,,,,,,,,,,,,,,,,,,,,,,,,,,,,,,,,,,,,,,,,,,,,,,,,,,,,,,,,,,,,,,,,,,,,
2021-08-08T03:15:00,2459434.635,-21.028,-17.724,0.062,3.304,1.888,0,1.888,8.908,0.062,0,1.726,0.162,1.726,0.162,,,,,,,,,,,,,,,,,,,,,,,,,,,,,,,,,,,,,,,,,,,,,,,,,,,,,,,,,,,,,,,,,,,,,,,,,,,,,,,,,
2021-08-08T03:30:00,2459434.646,-21.845,-18.449,0.055,3.396,1.878,0,1.878,8.879,0.055,0,1.727,0.151,1.727,0.151,,,,,,,,,,,,,,,,,,,,,,,,,,,,,,,,,,,,,,,,,,,,,,,,,,,,,,,,,,,,,,,,,,,,,,,,,,,,,,,,,
2021-08-08T03:45:00,2459434.656,-24.322,-20.92,0.052,3.402,1.881,0,1.881,8.863,0.052,0,1.735,0.146,1.735,0.146,,,,,,,,,,,,,,,,,,,,,,,,,,,,,,,,,,,,,,,,,,,,,,,,,,,,,,,,,,,,,,,,,,,,,,,,,,,,,,,,,
2021-08-08T04:00:00,2459434.667,-25.78,-22.239,0.054,3.541,1.882,0,1.882,8.842,0.054,0,1.712,0.17,1.712,0.17,,,,,,,,,,,,,,,,,,,,,,,,,,,,,,,,,,,,,,,,,,,,,,,,,,,,,,,,,,,,,,,,,,,,,,,,,,,,,,,,,
2021-08-08T04:15:00,2459434.677,-22.763,-19.325,0.051,3.438,1.896,0,1.896,8.883,0.051,0,1.737,0.159,1.737,0.159,,,,,,,,,,,,,,,,,,,,,,,,,,,,,,,,,,,,,,,,,,,,,,,,,,,,,,,,,,,,,,,,,,,,,,,,,,,,,,,,,
2021-08-08T04:30:00,2459434.688,-24.254,-20.709,0.05,3.545,1.898,0,1.898,8.8,0.05,0,1.731,0.167,1.731,0.167,,,,,,,,,,,,,,,,,,,,,,,,,,,,,,,,,,,,,,,,,,,,,,,,,,,,,,,,,,,,,,,,,,,,,,,,,,,,,,,,,
2021-08-08T04:45:00,2459434.698,-24.328,-20.774,0.049,3.554,1.892,0,1.892,8.769,0.049,0,1.743,0.149,1.743,0.149,,,,,,,,,,,,,,,,,,,,,,,,,,,,,,,,,,,,,,,,,,,,,,,,,,,,,,,,,,,,,,,,,,,,,,,,,,,,,,,,,
2021-08-08T05:00:00,2459434.708,-23.76,-20.184,0.049,3.576,1.9,0,1.9,8.758,0.049,0,1.731,0.169,1.731,0.169,,,,,,,,,,,,,,,,,,,,,,,,,,,,,,,,,,,,,,,,,,,,,,,,,,,,,,,,,,,,,,,,,,,,,,,,,,,,,,,,,
2021-08-08T05:15:00,2459434.719,-24.71,-21.207,0.051,3.503,1.904,0,1.904,8.734,0.051,0,1.749,0.154,1.749,0.154,,,,,,,,,,,,,,,,,,,,,,,,,,,,,,,,,,,,,,,,,,,,,,,,,,,,,,,,,,,,,,,,,,,,,,,,,,,,,,,,,
2021-08-08T05:30:00,2459434.729,-25.916,-22.222,0.054,3.694,1.92,0,1.92,8.716,0.054,0,1.756,0.164,1.756,0.164,,,,,,,,,,,,,,,,,,,,,,,,,,,,,,,,,,,,,,,,,,,,,,,,,,,,,,,,,2021-08-08T06:00:00,2459434.75,-26.502,-22.653,0.047,3.849,1.979,0,1.979,9.385,0.047,0,1.826,0.153,1.826,0.153,0,8.027,71.916,129.865,-0.094,-10.91,0.355,0.361,0
2021-08-08T06:15:00,2459434.76,-24.404,-20.578,0.049,3.826,1.937,0,1.937,8.661,0.049,0,1.776,0.161,1.776,0.161,,,,,,,,,,,,,,,,,,,,,,,,,,,,,,,,,,,,,,,,,,,,,,,,,,,,,,,,,,,,,,,,,,,,,,,,,,,,,,,,,
2021-08-08T06:30:00,2459434.771,-24.235,-20.399,0.041,3.836,1.942,0,1.942,8.651,0.041,0,1.781,0.161,1.781,0.161,,,,,,,,,,,,,,,,,,,,,,,,,,,,,,,,,,,,,,,,,,,,,,,,,,,,,,,,,,,,,,,,,,,,,,,,,,,,,,,,,
2021-08-08T08:30:00,2459434.854,-12.207,-9.417,0.011,2.79,1.819,0,1.819,8.008,0.011,0,1.582,0.237,1.582,0.237,,,,,,,,,,,,,,,,,,,,,,,,,,,,,,,,,,,,,,,,,,,,,,,,,,,,,,,,,,,,,,,,,,,,,,,,,,,,,,,,,
2021-08-08T08:45:00,2459434.865,-14.456,-10.876,0.015,3.58,1.95,0,1.95,8.507,0.015,0,1.756,0.194,1.756,0.194,,,,,,,,,,,,,,,,,,,,,,,,,,,,,,,,,,,,,,,,,,,,,,,,,,,,,,,,,,,,,,,,,,,,,,,,,,,,,,,,,
2021-08-08T09:15:00,2459434.885,-20.667,-16.859,0.004,3.808,1.992,0,1.992,8.65,0.004,0,1.802,0.189,1.802,0.189,,,,,,,,,,,,,,,,,,,,,,,,,,,,,,,,,,,,,,,,,,,,,,,,,,,,,,,,,,,,,,,,,,,,,,,,,,,,,,,,,
2021-08-08T09:30:00,2459434.896,-20.093,-16.405,0.001,3.687,1.999,0,1.999,8.677,0.001,0,1.81,0.189,1.81,0.189,,,,,,,,,,,,,,,,,,,,,,,,,,,,,,,,,,,,,,,,,,,,,,,,,,,,,,,,,,,,,,,,,,,,,,,,,,,,,,,,,
2021-08-08T10:00:00,2459434.917,-20.25,-16.6,-0.007,3.65,2.012,0,2.012,8.695,-0.007,0,1.825,0.187,1.825,0.187,,,,,,,,,,,,,,,,,,,,,,,,,,,,,,,,,,,,,,,,,,,,,,,,,,,,,,,,,,,,,,,,,,,,,,,,,,,,,,,,,
2021-08-08T10:15:00,2459434.927,-19.846,-16.149,-0.006,3.697,2.012,0,2.012,8.704,-0.006,0,1.828,0.184,1.828,0.184,,,,,,,,,,,,,,,,,,,,,,,,,,,,,,,,,,,,,,,,,,,,,,,,,,,,,,,,,,,,,,,,,,,,,,,,,,,,,,,,,
2021-08-08T10:30:00,2459434.938,-20.578,-16.908,-0.009,3.671,2.027,0,2.027,8.857,-0.009,0,1.834,0.193,1.834,0.193,,,,,,,,,,,,,,,,,,,,,,,,,,,,,,,,,,,,,,,,,,,,,,,,,,,,,,,,,,,,,,,,,,,,,,,,,,,,,,,,,
2021-08-08T10:45:00,2459434.948,-19.848,-16.297,-0.009,3.551,2.018,0,2.018,8.757,-0.009,0,1.816,0.201,1.816,0.201,,,,,,,,,,,,,,,,,,,,,,,,,,,,,,,,,,,,,,,,,,,,,,,,,,,,,,,,,,,,,,,,,,,,,,,,,,,,,,,,,
2021-08-08T11:00:00,2459434.958,-20.908,-17.378,-0.017,3.531,2.019,0,2.019,8.778,-0.017,0,1.821,0.197,1.821,0.197,,,,,,,,,,,,,,,,,,,,,,,,,,,,,,,,,,,,,,,,,,,,,,,,,,,,,,,,,,,,,,,,,,,,,,,,,,,,,,,,,
2021-08-08T11:15:00,2459434.969,-20.798,-17.205,-0.022,3.593,2.015,0,2.015,8.792,-0.022,0,1.804,0.211,1.804,0.211,,,,,,,,,,,,,,,,,,,,,,,,,,,,,,,,,,,,,,,,,,,,,,,,,,,,,,,,,,,,,,,,,,,,,,,,,,,,,,,,,
2021-08-08T11:30:00,2459434.979,-18.264,-14.647,-0.018,3.617,2.026,0,2.026,8.806,-0.018,0,1.811,0.215,1.811,0.215,,,,,,,,,,,,,,,,,,,,,,,,,,,,,,,,,,,,,,,,,,,,,,,,,,,,,,,,,,,,,,,,,,,,,,,,,,,,,,,,,
2021-08-08T11:45:00,2459434.99,-17.438,-13.925,-0.019,3.513,2.009,0,2.009,8.817,-0.019,0,1.821,0.188,1.821,0.188,,,,,,,,,,,,,,,,,,,,,,,,,,,,,,,,,,,,,,,,,,,,,,,,,,,,,,,,,,,,,,,,,,,,,,,,,,,,,,,,,
2021-08-08T12:00:00,2459435,-18.909,-15.494,-0.03,3.415,2.022,0,2.022,8.84,-0.03,0,1.82,0.201,1.82,0.201,,,,,,,,,,,,,,,,,,,,,,,,,,,,,,,,,,,,,,,,,,,,,,,,,,,,,,,,,,,,,,,,,,,,,,,,,,,,,,,,,
2021-08-08T12:15:00,2459435.01,-18.246,-14.667,-0.023,3.579,2.02,0,2.02,8.836,-0.023,0,1.816,0.205,1.816,0.205,,,,,,,,,,,,,,,,,,,,,,,,,,,,,,,,,,,,,,,,,,,,,,,,,,,,,,,,,,,,,,,,,,,,,,,,,,,,,,,,,
2021-08-08T12:30:00,2459435.021,-16.949,-13.338,-0.028,3.611,2.018,0,2.018,8.868,-0.028,0,1.806,0.211,1.806,0.211,,,,,,,,,,,,,,,,,,,,,,,,,,,,,,,,,,,,,,,,,,,,,,,,,,,,,,,,,,,,,,,,,,,,,,,,,,,,,,,,,
2021-08-08T12:45:00,2459435.031,-18.487,-14.888,-0.034,3.599,2.027,0,2.027,8.877,-0.034,0,1.812,0.215,1.812,0.215,,,,,,,,,,,,,,,,,,,,,,,,,,,,,,,,,,,,,,,,,,,,,,,,,,,,,,,,,,,,,,,,,,,,,,,,,,,,,,,,,
2021-08-08T13:00:00,2459435.042,-19.616,-16.068,-0.032,3.548,2.015,0,2.015,8.881,-0.032,0,1.795,0.22,1.795,0.22,,,,,,,,,,,,,,,,,,,,,,,,,,,,,,,,,,,,,,,,,,,,,,,,,,,,,,,,,,,,,,,,,,,,,,,,,,,,,,,,,
2021-08-08T13:15:00,2459435.052,-17.356,-13.813,-0.035,3.542,2.025,0,2.025,8.858,-0.035,0,1.793,0.232,1.793,0.232,,,,,,,,,,,,,,,,,,,,,,,,,,,,,,,,,,,,,,,,,,,,,,,,,,,,,,,,,,,,,,,,,,,,,,,,,,,,,,,,,
2021-08-08T13:30:00,2459435.063,-16.987,-13.452,-0.032,3.536,2.017,0,2.017,8.862,-0.032,0,1.789,0.228,1.789,0.228,,,,,,,,,,,,,,,,,,,,,,,,,,,,,,,,,,,,,,,,,,,,,,,,,,,,,,,,,,,,,,,,,,,,,,,,,,,,,,,,,
2021-08-08T13:45:00,2459435.073,-18.094,-14.549,-0.033,3.545,2.018,0,2.018,8.865,-0.033,0,1.777,0.241,1.777,0.241,,,,,,,,,,,,,,,,,,,,,,,,,,,,,,,,,,,,,,,,,,,,,,,,,,,,,,,,,,,,,,,,,,,,,,,,,,,,,,,,,
2021-08-08T14:00:00,2459435.083,-18.469,-14.961,-0.031,3.508,2.013,0,2.013,8.86,-0.031,0,1.786,0.227,1.786,0.227,,,,,,,,,,,,,,,,,,,,,,,,,,,,,,,,,,,,,,,,,,,,,,,,,,,,,,,,,,,,,,,,,,,,,,,,,,,,,,,,,
2021-08-08T14:15:00,2459435.094,-18.757,-15.122,-0.034,3.635,2.029,0,2.029,8.867,-0.034,0,1.798,0.23,1.798,0.23,,,,,,,,,,,,,,,,,,,,,,,,,,,,,,,,,,,,,,,,,,,,,,,,,,,,,,,,,,,,,,,,,,,,,,,,,,,,,,,,,
2021-08-08T14:30:00,2459435.104,-18.736,-15.224,-0.039,3.512,2.029,0,2.029,8.858,-0.039,0,1.795,0.234,1.795,0.234,,,,,,,,,,,,,,,,,,,,,,,,,,,,,,,,,,,,,,,,,,,,,,,,,,,,,,,,,,,,,,,,,,,,,,,,,,,,,,,,,
2021-08-08T14:45:00,2459435.115,-19.301,-15.921,-0.034,3.38,2.029,0,2.029,8.871,-0.034,0,1.808,0.222,1.808,0.222,,,,,,,,,,,,,,,,,,,,,,,,,,,,,,,,,,,,,,,,,,,,,,,,,,,,,,,,,,,,,,,,,,,,,,,,,,,,,,,,,
2021-08-08T15:00:00,2459435.125,-20.289,-16.635,-0.037,3.654,2.038,0,2.038,8.851,-0.037,0,1.813,0.224,1.813,0.224,,,,,,,,,,,,,,,,,,,,,,,,,,,,,,,,,,,,,,,,,,,,,,,,,,,,,,,,,,,,,,,,,,,,,,,,,,,,,,,,,
2021-08-08T15:15:00,2459435.135,-19.978,-16.421,-0.031,3.557,2.03,0,2.03,8.818,-0.031,0,1.808,0.222,1.808,0.222,,,,,,,,,,,,,,,,,,,,,,,,,,,,,,,,,,,,,,,,,,,,,,,,,,,,,,,,,,,,,,,,,,,,,,,,,,,,,,,,,
2021-08-08T15:45:00,2459435.156,-21.473,-17.883,-0.03,3.59,2.035,0,2.035,8.802,-0.03,0,1.823,0.212,1.823,0.212,,,,,,,,,,,,,,,,,,,,,,,,,,,,,,,,,,,,,,,,,,,,,,,,,,,,,,,,,,,,,,,,,,,,,,,,,,,,,,,,,
2021-08-08T16:00:00,2459435.167,-21.932,-18.326,-0.025,3.606,2.03,0,2.03,8.791,-0.025,0,1.804,0.226,1.804,0.226,,,,,,,,,,,,,,,,,,,,,,,,,,,,,,,,,,,,,,,,,,,,,,,,,,,,,,,,,,,,,,,,,,,,,,,,,,,,,,,,,
2021-08-08T16:15:00,2459435.177,-20.894,-17.288,-0.028,3.606,2.03,0,2.03,8.765,-0.028,0,1.802,0.228,1.802,0.228,,,,,,,,,,,,,,,,,,,,,,,,,,,,,,,,,,,,,,,,,,,,,,,,,,,,,,,,,,,,,,,,,,,,,,,,,,,,,,,,,
2021-08-08T16:30:00,2459435.188,-23.795,-20.153,-0.025,3.642,2.036,0,2.036,8.75,-0.025,0,1.812,0.224,1.812,0.224,,,,,,,,,,,,,,,,,,,,,,,,,,,,,,,,,,,,,,,,,,,,,,,,,,,,,,,,,,,,,,,,,,,,,,,,,,,,,,,,,
2021-08-08T16:45:00,2459435.198,-23.184,-19.603,-0.027,3.58,2.028,0,2.028,8.738,-0.027,0,1.796,0.232,1.796,0.232,,,,,,,,,,,,,,,,,,,,,,,,,,,,,,,,,,,,,,,,,,,,,,,,,,,,,,,,,,,,,,,,,,,,,,,,,,,,,,,,,
2021-08-08T17:00:00,2459435.208,-21.095,-17.378,-0.024,3.717,2.033,0,2.033,8.708,-0.024,0,1.821,0.211,1.821,0.211,,,,,,,,,,,,,,,,,,,,,,,,,,,,,,,,,,,,,,,,,,,,,,,,,,,,,,,,,,,,,,,,,,,,,,,,,,,,,,,,,
2021-08-08T17:15:00,2459435.219,-22.992,-19.295,-0.022,3.697,2.038,0,2.038,8.707,-0.022,0,1.822,0.216,1.822,0.216,,,,,,,,,,,,,,,,,,,,,,,,,,,,,,,,,,,,,,,,,,,,,,,,,,,,,,,,,,,,,,,,,,,,,,,,,,,,,,,,,
2021-08-08T17:30:00,2459435.229,-23.209,-19.5,-0.018,3.709,2.039,0,2.039,8.703,-0.018,0,1.828,0.211,1.828,0.211,,,,,,,,,,,,,,,,,,,,,,,,,,,,,,,,,,,,,,,,,,,,,,,,,,,,,,,,,,,,,,,,,,,,,,,,,,,,,,,,,
2021-08-08T17:45:00,2459435.24,-23.077,-19.215,-0.017,3.862,2.043,0,2.043,8.709,-0.017,0,1.818,0.225,1.818,0.225,,,,,,,,,,,,,,,,,,,,,,,,,,,,,,,,,,,,,,,,,,,,,,,,,,,,,,,,,,,,,,,,,,,,,,,,,,,,,,,,,
2021-08-08T18:00:00,2459435.25,-21.849,-18.059,-0.013,3.79,2.101,0,2.101,9.497,-0.013,0,1.871,0.231,1.871,0.231,,,,,,,,,,,,,,,,,,,,,,,,,,,,,,,,,,,,,,,,,,,,,,,,,,,,,,,,,,,,,,,,,,,,,,,,,,,,,,,,,
2021-08-08T18:15:00,2459435.26,-22.734,-18.896,-0.009,3.838,2.035,0,2.035,8.686,-0.009,0,1.82,0.216,1.82,0.216,,,,,,,,,,,,,,,,,,,,,,,,,,,,,,,,,,,,,,,,,,,,,,,,,,,,,,,,,,,,,,,,,,,,,,,,,,,,,,,,,
2021-08-08T18:30:00,2459435.271,-21.935,-18.152,-0.009,3.784,2.025,0,2.025,8.701,-0.009,0,1.797,0.228,1.797,0.228,,,,,,,,,,,,,,,,,,,,,,,,,,,,,,,,,,,,,,,,,,,,,,,,,,,,,,,,,,,,,,,,,,,,,,,,,,,,,,,,,
2021-08-08T18:45:00,2459435.281,-22.622,-18.774,-0.01,3.848,2.038,0,2.038,8.7,-0.01,0,1.809,0.228,1.809,0.228,,,,,,,,,,,,,,,,,,,,,,,,,,,,,,,,,,,,,,,,,,,,,,,,,,,,,,,,,,,,,,,,,,,,,,,,,,,,,,,,,
2021-08-08T19:00:00,2459435.292,-23.582,-19.787,-0.004,3.795,2.039,0,2.039,8.721,-0.004,0,1.8,0.239,1.8,0.239,,,,,,,,,,,,,,,,,,,,,,,,,,,,,,,,,,,,,,,,,,,,,,,,,,,,,,,,,,,,,,,,,,,,,,,,,,,,,,,,,
2021-08-08T19:15:00,2459435.302,-22.437,-18.659,-0.002,3.778,2.03,0,2.03,8.722,-0.002,0,1.806,0.224,1.806,0.224,,,,,,,,,,,,,,,,,,,,,,,,,,,,,,,,,,,,,,,,,,,,,,,,,,,,,,,,,,,,,,,,,,,,,,,,,,,,,,,,,
2021-08-08T19:30:00,2459435.313,-24.59,-20.729,-0.005,3.861,2.025,0,2.025,8.729,-0.005,0,1.795,0.23,1.795,0.23,,,,,,,,,,,,,,,,,,,,,,,,,,,,,,,,,,,,,,,,,,,,,,,,,,,,,,,,,,,,,,,,,,,,,,,,,,,,,,,,,
2021-08-08T19:45:00,2459435.323,-22.911,-19.09,-0.005,3.822,2.037,0,2.037,8.758,-0.005,0,1.809,0.228,1.809,0.228,,,,,,,,,,,,,,,,,,,,,,,,,,,,,,,,,,,,,,,,,,,,,,,,,,,,,,,,,,,,,,,,,,,,,,,,,,,,,,,,,
2021-08-08T20:00:00,2459435.333,-21.708,-17.966,0,3.742,2.027,0,2.027,8.745,0,0,1.797,0.23,1.797,0.23,,,,,,,,,,,,,,,,,,,,,,,,,,,,,,,,,,,,,,,,,,,,,,,,,,,,,,,,,,,,,,,,,,,,,,,,,,,,,,,,,
2021-08-08T20:15:00,2459435.344,-24.023,-20.276,0.002,3.747,2.023,0,2.023,8.788,0.002,0,1.804,0.218,1.804,0.218,,,,,,,,,,,,,,,,,,,,,,,,,,,,,,,,,,,,,,,,,,,,,,,,,,,,,,,,,,,,,,,,,,,,,,,,,,,,,,,,,