date_obs,date_jd,v_quiet,v_disc,v_phot,v_conv,f_bright,f_spot,f,Bobs,vphot_bright,vphot_spot,f_small,f_large,f_network,f_plage,,,,,,,,,,,,,,,,,,,,,,,,,,,,,,,,,,,,,,,,,,,,,,,,,,,,,,,,,,,,,,,,,,,,,,,,,,,,,,,,,,,,,,,,,,,,,,,,,,,,,,,,,
2021-08-26T00:00:00,2459452.5,-20.437,-16.089,0.204,4.348,2.688,0.007,2.695,10.183,0.172,0.032,2.056,0.639,2.056,0.632,,,,,,,,,,,,,,,,,,,,,,,,,,,,,,,,,,,,,,,,,,,,,,,,,,,,,,,,,,,,,,,,,,,,,,,,,,,,,,,,,,,,,,,,,,,,,,,,,,,,,,,,,
2021-08-26T00:15:00,2459452.51,-19.645,-15.216,0.206,4.43,2.685,0.007,2.692,10.169,0.174,0.032,2.062,0.63,2.062,0.623,,,,,,,,,,,,,,,,,,,,,,,,,,,,,,,,,,,,,,,,,,,,,,,,,,,,,,,,,,,,,,,,,,,,,,,,,,,,,,,,,,,,,,,,,,,,,,,,,,,,,,,,,
2021-08-26T00:30:00,2459452.521,-19.332,-14.824,0.205,4.508,2.683,0.007,2.69,10.178,0.173,0.032,2.043,0.647,2.043,0.64,,,,,,,,,,,,,,,,,,,,,,,,,,,,,,,,,,,,,,,,,,,,,,,,,,,,,,,,,,,,,,,,,,,,,,,,,,,,,,,,,,,,,,,,,,,,,,,,,,,,,,,,,
2021-08-26T00:45:00,2459452.531,-20.611,-16.137,0.21,4.474,2.693,0.007,2.7,10.19,0.178,0.031,2.047,0.653,2.047,0.646,,,,,,,,,,,,,,,,,,,,,,,,,,,,,,,,,,,,,,,,,,,,,,,,,,,,,,,,,,,,,,,,,,,,,,,,,,,,,,,,,,,,,,,,,,,,,,,,,,,,,,,,,
2021-08-26T01:00:00,2459452.542,-20.04,-15.461,0.202,4.579,2.692,0.007,2.699,10.196,0.17,0.032,2.04,0.658,2.04,0.651,,,,,,,,,,,,,,,,,,,,,,,,,,,,,,,,,,,,,,,,,,,,,,,,,,,,,,,,,,,,,,,,,,,,,,,,,,,,,,,,,,,,,,,,,,,,,,,,,,,,,,,,,
2021-08-26T01:15:00,2459452.552,-19.04,-14.66,0.205,4.38,2.686,0.007,2.693,10.187,0.173,0.032,2.024,0.669,2.024,0.662,,,,,,,,,,,,,,,,,,,,,,,,,,,,,,,,,,,,,,,,,,,,,,,,,,,,,,,,,,,,,,,,,,,,,,,,,,,,,,,,,,,,,,,,,,,,,,,,,,,,,,,,,
2021-08-26T01:30:00,2459452.563,-20.37,-15.97,0.208,4.4,2.706,0.007,2.713,10.189,0.177,0.031,2.054,0.66,2.054,0.653,,,,,,,,,,,,,,,,,,,,,,,,,,,,,,,,,,,,,,,,,,,,,,,,,,,,,,,,,,,,,,,,,,,,,,,,,,,,,,,,,,,,,,,,,,,,,,,,,,,,,,,,,
2021-08-26T01:45:00,2459452.573,-19.976,-15.424,0.205,4.552,2.699,0.007,2.706,10.179,0.173,0.031,2.058,0.648,2.058,0.641,,,,,,,,,,,,,,,,,,,,,,,,,,,,,,,,,,,,,,,,,,,,,,,,,,,,,,,,,,,,,,,,,,,,,,,,,,,,,,,,,,,,,,,,,,,,,,,,,,,,,,,,,
2021-08-26T02:00:00,2459452.583,-20.455,-15.838,0.21,4.617,2.71,0.007,2.717,10.174,0.18,0.03,2.048,0.669,2.048,0.662,,,,,,,,,,,,,,,,,,,,,,,,,,,,,,,,,,,,,,,,,,,,,,,,,,,,,,,,,,,,,,,,,,,,,,,,,,,,,,,,,,,,,,,,,,,,,,,,,,,,,,,,,
2021-08-26T02:15:00,2459452.594,-21.459,-16.757,0.203,4.702,2.712,0.007,2.718,10.164,0.173,0.03,2.072,0.646,2.072,0.64,,,,,,,,,,,,,,,,,,,,,,,,,,,,,,,,,,,,,,,,,,,,,,,,,,,,,,,,,,,,,,,,,,,,,,,,,,,,,,,,,,,,,,,,,,,,,,,,,,,,,,,,,
2021-08-26T02:30:00,2459452.604,-21.752,-17.017,0.204,4.735,2.711,0.007,2.717,10.146,0.174,0.03,2.074,0.644,2.074,0.637,,,,,,,,,,,,,,,,,,,,,,,,,,,,,,,,,,,,,,,,,,,,,,,,,,,,,,,,,,,,,,,,,,,,,,,,,,,,,,,,,,,,,,,,,,,,,,,,,,,,,,,,,
2021-08-26T02:45:00,2459452.615,-23.194,-18.402,0.206,4.792,2.716,0.007,2.723,10.141,0.175,0.031,2.083,0.639,2.083,0.632,,,,,,,,,,,,,,,,,,,,,,,,,,,,,,,,,,,,,,,,,,,,,,,,,,,,,,,,,,,,,,,,,,,,,,,,,,,,,,,,,,,,,,,,,,,,,,,,,,,,,,,,,
2021-08-26T03:00:00,2459452.625,-23.861,-19.029,0.206,4.832,2.715,0.007,2.722,10.109,0.176,0.03,2.062,0.66,2.062,0.653,,,,,,,,,,,,,,,,,,,,,,,,,,,,,,,,,,,,,,,,,,,,,,,,,,,,,,,,,,,,,,,,,,,,,,,,,,,,,,,,,,,,,,,,,,,,,,,,,,,,,,,,,
2021-08-26T03:15:00,2459452.635,-25.464,-20.557,0.207,4.908,2.721,0.007,2.728,10.089,0.177,0.031,2.082,0.646,2.082,0.639,,,,,,,,,,,,,,,,,,,,,,,,,,,,,,,,,,,,,,,,,,,,,,,,,,,,,,,,,,,,,,,,,,,,,,,,,,,,,,,,,,,,,,,,,,,,,,,,,,,,,,,,,
2021-08-26T03:30:00,2459452.646,-25.099,-20.214,0.206,4.885,2.729,0.007,2.736,10.078,0.174,0.031,2.062,0.674,2.062,0.667,,,,,,,,,,,,,,,,,,,,,,,,,,,,,,,,,,,,,,,,,,,,,,,,,,,,,,,,,,,,,,,,,,,,,,,,,,,,,,,,,,,,,,,,,,,,,,,,,,,,,,,,,
2021-08-26T03:45:00,2459452.656,-25.046,-20.127,0.206,4.92,2.722,0.007,2.729,10.06,0.174,0.032,2.071,0.658,2.071,0.651,,,,,,,,,,,,,,,,,,,,,,,,,,,,,,,,,,,,,,,,,,,,,,,,,,,,,,,,,,,,,,,,,,,,,,,,,,,,,,,,,,,,,,,,,,,,,,,,,,,,,,,,,
2021-08-26T04:00:00,2459452.667,-27.3,-22.308,0.204,4.992,2.729,0.007,2.737,10.037,0.172,0.032,2.059,0.678,2.059,0.671,,,,,,,,,,,,,,,,,,,,,,,,,,,,,,,,,,,,,,,,,,,,,,,,,,,,,,,,,,,,,,,,,,,,,,,,,,,,,,,,,,,,,,,,,,,,,,,,,,,,,,,,,
2021-08-26T04:15:00,2459452.677,-26.437,-21.282,0.204,5.154,2.744,0.007,2.751,10.029,0.173,0.031,2.092,0.659,2.092,0.652,,,,,,,,,,,,,,,,,,,,,,,,,,,,,,,,,,,,,,,,,,,,,,,,,,,,,,,,,,,,,,,,,,,,,,,,,,,,,,,,,,,,,,,,,,,,,,,,,,,,,,,,,
2021-08-26T04:30:00,2459452.688,-27.311,-22.118,0.207,5.193,2.753,0.007,2.76,10.015,0.176,0.031,2.104,0.657,2.104,0.649,,,,,,,,,,,,,,,,,,,,,,,,,,,,,,,,,,,,,,,,,,,,,,,,,,,,,,,,,,,,,,,,,,,,,,,,,,,,,,,,,,,,,,,,,,,,,,,,,,,,,,,,,
2021-08-26T04:45:00,2459452.698,-25.939,-20.711,0.211,5.228,2.763,0.007,2.77,10.005,0.18,0.031,2.101,0.669,2.101,0.662,,,,,,,,,,,,,,,,,,,,,,,,,,,,,,,,,,,,,,,,,,,,,,,,,,,,,,,,,,,,,,,,,,,,,,,,,,,,,,,,,,,,,,,,,,,,,,,,,,,,,,,,,
2021-08-26T05:00:00,2459452.708,-26.627,-21.279,0.206,5.349,2.767,0.007,2.775,9.987,0.175,0.031,2.101,0.673,2.101,0.666,,,,,,,,,,,,,,,,,,,,,,,,,,,,,,,,,,,,,,,,,,,,,,,,,,,,,,,,,,,,,,,,,,,,,,,,,,,,,,,,,,,,,,,,,,,,,,,,,,,,,,,,,
2021-08-26T05:15:00,2459452.719,-28.29,-23.025,0.208,5.266,2.771,0.007,2.778,9.971,0.178,0.03,2.105,0.673,2.105,0.666,,,,,,,,,,,,,,,,,,,,,,,,,,,,,,,,,,,,,,,,,,,,,,,,,,,,,,,,,,,,,,,,,,,,,,,,,,,,,,,,,,,,,,,,,,,,,,,,,,,,,,,,,
2021-08-26T05:30:00,2459452.729,-26.832,-21.31,0.199,5.522,2.773,0.007,2.781,9.96,0.169,0.03,2.103,0.677,2.103,0.67,,,,,,,,,,,,,,,,,,,,,,,,,,,,,,,,,,,,,,,,,,,,,,,,,,,,,,,,,,,,,,,,,,,,,,,,,,,,,,,,,,,,,,,,,,,,,,,,,,,,,,,,,
2021-08-26T05:45:00,2459452.74,-28.392,-23.006,0.203,5.386,2.771,0.007,2.778,9.928,0.173,0.03,2.098,0.68,2.098,0.673,,,,,,,,,,,,,,,,,,,,,,,,,,,,,,,,,,,,,,,,,,,,,,,,,,,,,,,,,,,,,,,,,,,,,,,,,,,,,,,,,,,,,,,,,,,,,,,,,,,,,,,,,
2021-08-26T06:00:00,2459452.75,-25.912,-20.442,0.201,5.47,2.833,0.007,2.84,10.595,0.171,0.029,2.123,0.716,2.123,0.71,,,,,,,,,,,,,,,,,,,,,,,,,,,,,,,,,,,,,,,,,,,,,,,,,,,,,,,,,,,,,,,,,,,,,,,,,,,,,,,,,,,,,,,,,,,,,,,,,,,,,,,,,
2021-08-26T06:15:00,2459452.76,-26.951,-21.526,0.194,5.425,2.783,0.007,2.79,9.903,0.165,0.028,2.101,0.688,2.101,0.682,,,,,,,,,,,,,,,,,,,,,,,,,,,,,,,,,,,,,,,,,,,,,,,,,,,,,,,,,,,,,,,,,,,,,,,,,,,,,,,,,,,,,,,,,,,,,,,,,,,,,,,,,
2021-08-26T06:30:00,2459452.771,-27.684,-22.226,0.193,5.458,2.794,0.007,2.801,9.905,0.164,0.029,2.106,0.695,2.106,0.688,,,,,,,,,,,,,,,,,,,,,,,,,,,,,,,,,,,,,,,,,,,,,,,,,,,,,,,,,,,,,,,,,,,,,,,,,,,,,,,,,,,,,,,,,,,,,,,,,,,,,,,,,
2021-08-26T06:45:00,2459452.781,-24.978,-19.511,0.193,5.467,2.802,0.007,2.809,9.899,0.165,0.028,2.116,0.693,2.116,0.686,,,,,,,,,,,,,,,,,,,,,,,,,,,,,,,,,,,,,,,,,,,,,,,,,,,,,,,,,,,,,,,,,,,,,,,,,,,,,,,,,,,,,,,,,,,,,,,,,,,,,,,,,
2021-08-26T07:00:00,2459452.792,-25.7,-20.316,0.177,5.384,2.802,0.007,2.808,9.901,0.149,0.028,2.109,0.7,2.109,0.693,,,,,,,,,,,,,,,,,,,,,,,,,,,,,,,,,,,,,,,,,,,,,,,,,,,,,,,,,,,,,,,,,,,,,,,,,,,,,,,,,,,,,,,,,,,,,,,,,,,,,,,,,
2021-08-26T07:15:00,2459452.802,-25.777,-20.468,0.185,5.309,2.805,0.007,2.811,9.887,0.157,0.028,2.106,0.706,2.106,0.699,,,,,,,,,,,,,,,,,,,,,,,,,,,,,,,,,,,,,,,,,,,,,,,,,,,,,,,,,,,,,,,,,,,,,,,,,,,,,,,,,,,,,,,,,,,,,,,,,,,,,,,,,
2021-08-26T07:30:00,2459452.813,-25.773,-20.51,0.177,5.263,2.803,0.007,2.81,9.882,0.149,0.028,2.095,0.715,2.095,0.708,,,,,,,,,,,,,,,,,,,,,,,,,,,,,,,,,,,,,,,,,,,,,,,,,,,,,,,,,,,,,,,,,,,,,,,,,,,,,,,,,,,,,,,,,,,,,,,,,,,,,,,,,
2021-08-26T07:45:00,2459452.823,-27.488,-22.199,0.174,5.289,2.799,0.007,2.806,9.89,0.147,0.027,2.104,0.702,2.104,0.695,,,,,,,,,,,,,,,,,,,,,,,,,,,,,,,,,,,,,,,,,,,,,,,,,,,,,,,,,,,,,,,,,,,,,,,,,,,,,,,,,,,,,,,,,,,,,,,,,,,,,,,,,
2021-08-26T08:00:00,2459452.833,-24.523,-19.312,0.171,5.212,2.817,0.007,2.824,9.91,0.143,0.027,2.078,0.746,2.078,0.739,,,,,,,,,,,,,,,,,,,,,,,,,,,,,,,,,,,,,,,,,,,,,,,,,,,,,,,,,,,,,,,,,,,,,,,,,,,,,,,,,,,,,,,,,,,,,,,,,,,,,,,,,
2021-08-26T08:15:00,2459452.844,-26.166,-20.825,0.167,5.341,2.816,0.007,2.823,9.902,0.14,0.027,2.09,0.733,2.09,0.726,,,,,,,,,,,,,,,,,,,,,,,,,,,,,,,,,,,,,,,,,,,,,,,,,,,,,,,,,,,,,,,,,,,,,,,,,,,,,,,,,,,,,,,,,,,,,,,,,,,,,,,,,
2021-08-26T08:30:00,2459452.854,-25.794,-20.52,0.16,5.274,2.812,0.007,2.819,9.91,0.133,0.027,2.064,0.755,2.064,0.748,,,,,,,,,,,,,,,,,,,,,,,,,,,,,,,,,,,,,,,,,,,,,,,,,,,,,,,,,,,,,,,,,,,,,,,,,,,,,,,,,,,,,,,,,,,,,,,,,,,,,,,,,
2021-08-26T08:45:00,2459452.865,-25.769,-20.328,0.16,5.44,2.814,0.007,2.821,9.937,0.133,0.027,2.087,0.734,2.087,0.727,,,,,,,,,,,,,,,,,,,,,,,,,,,,,,,,,,,,,,,,,,,,,,,,,,,,,,,,,,,,,,,,,,,,,,,,,,,,,,,,,,,,,,,,,,,,,,,,,,,,,,,,,
2021-08-26T09:00:00,2459452.875,-26.537,-21.167,0.154,5.371,2.809,0.007,2.816,9.944,0.128,0.026,2.09,0.725,2.09,0.718,,,,,,,,,,,,,,,,,,,,,,,,,,,,,,,,,,,,,,,,,,,,,,,,,,,,,,,,,,,,,,,,,,,,,,,,,,,,,,,,,,,,,,,,,,,,,,,,,,,,,,,,,
2021-08-26T09:15:00,2459452.885,-24.441,-19.109,0.153,5.332,2.819,0.007,2.826,9.949,0.125,0.027,2.113,0.713,2.113,0.706,,,,,,,,,,,,,,,,,,,,,,,,,,,,,,,,,,,,,,,,,,,,,,,,,,,,,,,,,,,,,,,,,,,,,,,,,,,,,,,,,,,,,,,,,,,,,,,,,,,,,,,,,
2021-08-26T09:30:00,2459452.896,-25.959,-20.681,0.153,5.278,2.811,0.007,2.818,9.967,0.126,0.027,2.1,0.718,2.1,0.711,,,,,,,,,,,,,,,,,,,,,,,,,,,,,,,,,,,,,,,,,,,,,,,,,,,,,,,,,,,,,,,,,,,,,,,,,,,,,,,,,,,,,,,,,,,,,,,,,,,,,,,,,
2021-08-26T09:45:00,2459452.906,-25.026,-19.758,0.149,5.268,2.814,0.007,2.821,9.992,0.121,0.027,2.126,0.695,2.126,0.688,,,,,,,,,,,,,,,,,,,,,,,,,,,,,,,,,,,,,,,,,,,,,,,,,,,,,,,,,,,,,,,,,,,,,,,,,,,,,,,,,,,,,,,,,,,,,,,,,,,,,,,,,
2021-08-26T10:00:00,2459452.917,-25.933,-20.724,0.149,5.21,2.821,0.007,2.828,10.017,0.122,0.027,2.113,0.715,2.113,0.708,,,,,,,,,,,,,,,,,,,,,,,,,,,,,,,,,,,,,,,,,,,,,,,,,,,,,,,,,,,,,,,,,,,,,,,,,,,,,,,,,,,,,,,,,,,,,,,,,,,,,,,,,
2021-08-26T10:15:00,2459452.927,-24.307,-19.055,0.138,5.252,2.827,0.007,2.834,10.053,0.11,0.028,2.087,0.747,2.087,0.74,,,,,,,,,,,,,,,,,,,,,,,,,,,,,,,,,,,,,,,,,,,,,,,,,,,,,,,,,,,,,,,,,,,,,,,,,,,,,,,,,,,,,,,,,,,,,,,,,,,,,,,,,
2021-08-26T10:30:00,2459452.938,-24.097,-18.861,0.143,5.236,2.828,0.007,2.836,10.078,0.115,0.028,2.116,0.72,2.116,0.712,,,,,,,,,,,,,,,,,,,,,,,,,,,,,,,,,,,,,,,,,,,,,,,,,,,,,,,,,,,,,,,,,,,,,,,,,,,,,,,,,,,,,,,,,,,,,,,,,,,,,,,,,
2021-08-26T10:45:00,2459452.948,-23.489,-18.131,0.148,5.358,2.835,0.007,2.842,10.105,0.121,0.028,2.114,0.729,2.114,0.721,,,,,,,,,,,,,,,,,,,,,,,,,,,,,,,,,,,,,,,,,,,,,,,,,,,,,,,,,,,,,,,,,,,,,,,,,,,,,,,,,,,,,,,,,,,,,,,,,,,,,,,,,
2021-08-26T11:00:00,2459452.958,-21.691,-16.692,0.137,4.999,2.838,0.007,2.845,10.137,0.11,0.027,2.105,0.74,2.105,0.732,,,,,,,,,,,,,,,,,,,,,,,,,,,,,,,,,,,,,,,,,,,,,,,,,,,,,,,,,,,,,,,,,,,,,,,,,,,,,,,,,,,,,,,,,,,,,,,,,,,,,,,,,
2021-08-26T11:15:00,2459452.969,-20.75,-15.527,0.127,5.223,2.851,0.007,2.858,10.151,0.1,0.027,2.122,0.736,2.122,0.729,,,,,,,,,,,,,,,,,,,,,,,,,,,,,,,,,,,,,,,,,,,,,,,,,,,,,,,,,,,,,,,,,,,,,,,,,,,,,,,,,,,,,,,,,,,,,,,,,,,,,,,,,
2021-08-26T11:30:00,2459452.979,-21.94,-16.765,0.14,5.175,2.859,0.008,2.866,10.181,0.113,0.028,2.126,0.74,2.126,0.732,,,,,,,,,,,,,,,,,,,,,,,,,,,,,,,,,,,,,,,,,,,,,,,,,,,,,,,,,,,,,,,,,,,,,,,,,,,,,,,,,,,,,,,,,,,,,,,,,,,,,,,,,
2021-08-26T11:45:00,2459452.99,-20.77,-15.634,0.135,5.135,2.85,0.008,2.858,10.198,0.107,0.028,2.119,0.739,2.119,0.732,,,,,,,,,,,,,,,,,,,,,,,,,,,,,,,,,,,,,,,,,,,,,,,,,,,,,,,,,,,,,,,,,,,,,,,,,,,,,,,,,,,,,,,,,,,,,,,,,,,,,,,,,
2021-08-26T12:00:00,2459453,-21.378,-16.063,0.142,5.315,2.853,0.008,2.861,10.205,0.113,0.029,2.129,0.732,2.129,0.724,,,,,,,,,,,,,,,,,,,,,,,,,,,,,,,,,,,,,,,,,,,,,,,,,,,,,,,,,,,,,,,,,,,,,,,,,,,,,,,,,,,,,,,,,,,,,,,,,,,,,,,,,
2021-08-26T12:15:00,2459453.01,-22.48,-17.13,0.136,5.35,2.862,0.008,2.87,10.222,0.108,0.028,2.108,0.762,2.108,0.754,,,,,,,,,,,,,,,,,,,,,,,,,,,,,,,,,,,,,,,,,,,,,,,,,,,,,,,,,,,,,,,,,,,,,,,,,,,,,,,,,,,,,,,,,,,,,,,,,,,,,,,,,
2021-08-26T12:30:00,2459453.021,-20.379,-15.179,0.133,5.2,2.849,0.008,2.856,10.25,0.105,0.028,2.112,0.744,2.112,0.736,,,,,,,,,,,,,,,,,,,,,,,,,,,,,,,,,,,,,,,,,,,,,,,,,,,,,,,,,,,,,,,,,,,,,,,,,,,,,,,,,,,,,,,,,,,,,,,,,,,,,,,,,
2021-08-26T12:45:00,2459453.031,-22.002,-16.802,0.131,5.201,2.849,0.008,2.857,10.24,0.103,0.028,2.094,0.763,2.094,0.755,,,,,,,,,,,,,,,,,,,,,,,,,,,,,,,,,,,,,,,,,,,,,,,,,,,,,,,,,,,,,,,,,,,,,,,,,,,,,,,,,,,,,,,,,,,,,,,,,,,,,,,,,
2021-08-26T13:00:00,2459453.042,-20.356,-15.133,0.135,5.222,2.848,0.008,2.856,10.266,0.107,0.028,2.093,0.763,2.093,0.755,,,,,,,,,,,,,,,,,,,,,,,,,,,,,,,,,,,,,,,,,,,,,,,,,,,,,,,,,,,,,,,,,,,,,,,,,,,,,,,,,,,,,,,,,,,,,,,,,,,,,,,,,
2021-08-26T13:15:00,2459453.052,-20.876,-15.734,0.134,5.142,2.856,0.008,2.864,10.281,0.106,0.028,2.113,0.751,2.113,0.743,,,,,,,,,,,,,,,,,,,,,,,,,,,,,,,,,,,,,,,,,,,,,,,,,,,,,,,,,,,,,,,,,,,,,,,,,,,,,,,,,,,,,,,,,,,,,,,,,,,,,,,,,
2021-08-26T13:30:00,2459453.063,-21.836,-16.616,0.142,5.219,2.868,0.008,2.876,10.285,0.113,0.029,2.098,0.778,2.098,0.77,,,,,,,,,,,,,,,,,,,,,,,,,,,,,,,,,,,,,,,,,,,,,,,,,,,,,,,,,,,,,,,,,,,,,,,,,,,,,,,,,,,,,,,,,,,,,,,,,,,,,,,,,
2021-08-26T13:45:00,2459453.073,-21.782,-16.486,0.14,5.296,2.858,0.008,2.866,10.268,0.111,0.029,2.098,0.768,2.098,0.76,,,,,,,,,,,,,,,,,,,,,,,,,,,,,,,,,,,,,,,,,,,,,,,,,,,,,,,,,,,,,,,,,,,,,,,,,,,,,,,,,,,,,,,,,,,,,,,,,,,,,,,,,
2021-08-26T14:00:00,2459453.083,-20.898,-15.562,0.14,5.336,2.867,0.008,2.874,10.286,0.113,0.027,2.096,0.778,2.096,0.771,,,,,,,,,,,,,,,,,,,,,,,,,,,,,,,,,,,,,,,,,,,,,,,,,,,,,,,,,,,,,,,,,,,,,,,,,,,,,,,,,,,,,,,,,,,,,,,,,,,,,,,,,
2021-08-26T14:15:00,2459453.094,-21.626,-16.433,0.138,5.193,2.866,0.008,2.874,10.267,0.11,0.028,2.071,0.803,2.071,0.795,,,,,,,,,,,,,,,,,,,,,,,,,,,,,,,,,,,,,,,,,,,,,,,,,,,,,,,,,,,,,,,,,,,,,,,,,,,,,,,,,,,,,,,,,,,,,,,,,,,,,,,,,
2021-08-26T14:30:00,2459453.104,-21.32,-16.028,0.139,5.292,2.885,0.008,2.892,10.328,0.113,0.027,2.095,0.798,2.095,0.79,,,,,,,,,,,,,,,,,,,,,,,,,,,,,,,,,,,,,,,,,,,,,,,,,,,,,,,,,,,,,,,,,,,,,,,,,,,,,,,,,,,,,,,,,,,,,,,,,,,,,,,,,
2021-08-26T14:45:00,2459453.115,-23.092,-17.901,0.14,5.191,2.874,0.008,2.882,10.235,0.114,0.026,2.123,0.759,2.123,0.751,,,,,,,,,,,,,,,,,,,,,,,,,,,,,,,,,,,,,,,,,,,,,,,,,,,,,,,,,,,,,,,,,,,,,,,,,,,,,,,,,,,,,,,,,,,,,,,,,,,,,,,,,
2021-08-26T15:00:00,2459453.125,-24.065,-18.809,0.144,5.256,2.88,0.008,2.888,10.231,0.117,0.027,2.131,0.757,2.131,0.749,,,,,,,,,,,,,,,,,,,,,,,,,,,,,,,,,,,,,,,,,,,,,,,,,,,,,,,,,,,,,,,,,,,,,,,,,,,,,,,,,,,,,,,,,,,,,,,,,,,,,,,,,
2021-08-26T15:15:00,2459453.135,-24.18,-18.913,0.139,5.267,2.874,0.008,2.882,10.217,0.111,0.028,2.102,0.781,2.102,0.773,,,,,,,,,,,,,,,,,,,,,,,,,,,,,,,,,,,,,,,,,,,,,,,,,,,,,,,,,,,,,,,,,,,,,,,,,,,,,,,,,,,,,,,,,,,,,,,,,,,,,,,,,
2021-08-26T15:30:00,2459453.146,-23.657,-18.376,0.146,5.281,2.865,0.008,2.874,10.197,0.118,0.029,2.092,0.781,2.092,0.773,,,,,,,,,,,,,,,,,,,,,,,,,,,,,,,,,,,,,,,,,,,,,,,,,,,,,,,,,,,,,,,,,,,,,,,,,,,,,,,,,,,,,,,,,,,,,,,,,,,,,,,,,
2021-08-26T15:45:00,2459453.156,-23.499,-18.229,0.151,5.27,2.87,0.008,2.878,10.181,0.123,0.028,2.106,0.772,2.106,0.764,,,,,,,,,,,,,,,,,,,,,,,,,,,,,,,,,,,,,,,,,,,,,,,,,,,,,,,,,,,,,,,,,,,,,,,,,,,,,,,,,,,,,,,,,,,,,,,,,,,,,,,,,
2021-08-26T16:00:00,2459453.167,-24.324,-18.993,0.149,5.331,2.874,0.009,2.883,10.177,0.12,0.029,2.112,0.771,2.112,0.763,,,,,,,,,,,,,,,,,,,,,,,,,,,,,,,,,,,,,,,,,,,,,,,,,,,,,,,,,,,,,,,,,,,,,,,,,,,,,,,,,,,,,,,,,,,,,,,,,,,,,,,,,
2021-08-26T16:15:00,2459453.177,-22.953,-17.547,0.149,5.406,2.859,0.008,2.867,10.131,0.121,0.028,2.109,0.758,2.109,0.75,,,,,,,,,,,,,,,,,,,,,,,,,,,,,,,,,,,,,,,,,,,,,,,,,,,,,,,,,,,,,,,,,,,,,,,,,,,,,,,,,,,,,,,,,,,,,,,,,,,,,,,,,
2021-08-26T16:30:00,2459453.188,-23.639,-18.242,0.162,5.397,2.864,0.009,2.873,10.12,0.134,0.028,2.072,0.801,2.072,0.793,,,,,,,,,,,,,,,,,,,,,,,,,,,,,,,,,,,,,,,,,,,,,,,,,,,,,,,,,,,,,,,,,,,,,,,,,,,,,,,,,,,,,,,,,,,,,,,,,,,,,,,,,
2021-08-26T16:45:00,2459453.198,-23.382,-17.935,0.163,5.447,2.857,0.009,2.866,10.104,0.135,0.028,2.073,0.793,2.073,0.784,,,,,,,,,,,,,,,,,,,,,,,,,,,,,,,,,,,,,,,,,,,,,,,,,,,,,,,,,,,,,,,,,,,,,,,,,,,,,,,,,,,,,,,,,,,,,,,,,,,,,,,,,
2021-08-26T17:00:00,2459453.208,-24.166,-18.715,0.169,5.451,2.861,0.009,2.87,10.092,0.141,0.028,2.086,0.784,2.086,0.775,,,,,,,,,,,,,,,,,,,,,,,,,,,,,,,,,,,,,,,,,,,,,,,,,,,,,,,,,,,,,,,,,,,,,,,,,,,,,,,,,,,,,,,,,,,,,,,,,,,,,,,,,
2021-08-26T17:15:00,2459453.219,-24.517,-19.165,0.163,5.351,2.868,0.009,2.877,10.093,0.136,0.027,2.08,0.797,2.08,0.789,,,,,,,,,,,,,,,,,,,,,,,,,,,,,,,,,,,,,,,,,,,,,,,,,,,,,,,,,,,,,,,,,,,,,,,,,,,,,,,,,,,,,,,,,,,,,,,,,,,,,,,,,
2021-08-26T17:45:00,2459453.24,-24.569,-19.004,0.173,5.565,2.857,0.009,2.866,10.083,0.145,0.028,2.068,0.798,2.068,0.789,,,,,,,,,,,,,,,,,,,,,,,,,,,,,,,,,,,,,,,,,,,,,,,,,,,,,,,,,,,,,,,,,,,,,,,,,,,,,,,,,,,,,,,,,,,,,,,,,,,,,,,,,
2021-08-26T18:00:00,2459453.25,-24.678,-19,0.176,5.678,2.918,0.009,2.927,10.832,0.148,0.028,2.138,0.789,2.138,0.78,,,,,,,,,,,,,,,,,,,,,,,,,,,,,,,,,,,,,,,,,,,,,,,,,,,,,,,,,,,,,,,,,,,,,,,,,,,,,,,,,,,,,,,,,,,,,,,,,,,,,,,,,
2021-08-26T18:15:00,2459453.26,-25.225,-19.678,0.177,5.547,2.867,0.009,2.876,10.082,0.148,0.028,2.077,0.799,2.077,0.79,,,,,,,,,,,,,,,,,,,,,,,,,,,,,,,,,,,,,,,,,,,,,,,,,,,,,,,,,,,,,,,,,,,,,,,,,,,,,,,,,,,,,,,,,,,,,,,,,,,,,,,,,
2021-08-26T18:30:00,2459453.271,-26.126,-20.507,0.187,5.62,2.874,0.009,2.884,10.082,0.159,0.028,2.096,0.788,2.096,0.778,,,,,,,,,,,,,,,,,,,,,,,,,,,,,,,,,,,,,,,,,,,,,,,,,,,,,,,,,,,,,,,,,,,,,,,,,,,,,,,,,,,,,,,,,,,,,,,,,,,,,,,,,
2021-08-26T18:45:00,2459453.281,-25.809,-20.123,0.184,5.686,2.875,0.009,2.884,10.1,0.156,0.028,2.084,0.8,2.084,0.791,,,,,,,,,,,,,,,,,,,,,,,,,,,,,,,,,,,,,,,,,,,,,,,,,,,,,,,,,,,,,,,,,,,,,,,,,,,,,,,,,,,,,,,,,,,,,,,,,,,,,,,,,
2021-08-26T19:00:00,2459453.292,-24.882,-19.235,0.195,5.647,2.866,0.009,2.875,10.093,0.167,0.028,2.075,0.8,2.075,0.791,,,,,,,,,,,,,,,,,,,,,,,,,,,,,,,,,,,,,,,,,,,,,,,,,,,,,,,,,,,,,,,,,,,,,,,,,,,,,,,,,,,,,,,,,,,,,,,,,,,,,,,,,
2021-08-26T19:15:00,2459453.302,-26.262,-20.685,0.193,5.578,2.869,0.009,2.878,10.11,0.167,0.026,2.073,0.805,2.073,0.796,,,,,,,,,,,,,,,,,,,,,,,,,,,,,,,,,,,,,,,,,,,,,,,,,,,,,,,,,,,,,,,,,,,,,,,,,,,,,,,,,,,,,,,,,,,,,,,,,,,,,,,,,
2021-08-26T19:30:00,2459453.313,-25.981,-20.328,0.196,5.654,2.875,0.009,2.884,10.126,0.169,0.026,2.099,0.786,2.099,0.776,,,,,,,,,,,,,,,,,,,,,,,,,,,,,,,,,,,,,,,,,,,,,,,,,,,,,,,,,,,,,,,,,,,,,,,,,,,,,,,,,,,,,,,,,,,,,,,,,,,,,,,,,
2021-08-26T19:45:00,2459453.323,-27.356,-21.56,0.195,5.797,2.873,0.009,2.882,10.148,0.168,0.027,2.075,0.807,2.075,0.798,,,,,,,,,,,,,,,,,,,,,,,,,,,,,,,,,,,,,,,,,,,,,,,,,,,,,,,,,,,,,,,,,,,,,,,,,,,,,,,,,,,,,,,,,,,,,,,,,,,,,,,,,
2021-08-26T20:00:00,2459453.333,-28.665,-22.96,0.199,5.706,2.863,0.009,2.872,10.174,0.173,0.025,2.069,0.803,2.069,0.794,,,,,,,,,,,,,,,,,,,,,,,,,,,,,,,,,,,,,,,,,,,,,,,,,,,,,,,,,,,,,,,,,,,,,,,,,,,,,,,,,,,,,,,,,,,,,,,,,,,,,,,,,
2021-08-26T20:15:00,2459453.344,-27.927,-22.315,0.199,5.612,2.856,0.009,2.866,10.191,0.172,0.026,2.053,0.813,2.053,0.803,,,,,,,,,,,,,,,,,,,,,,,,,,,,,,,,,,,,,,,,,,,,,,,,,,,,,,,,,,,,,,,,,,,,,,,,,,,,,,,,,,,,,,,,,,,,,,,,,,,,,,,,,
2021-08-26T20:30:00,2459453.354,-29.215,-23.63,0.202,5.585,2.855,0.009,2.864,10.211,0.176,0.026,2.051,0.813,2.051,0.804,,,,,,,,,,,,,,,,,,,,,,,,,,,,,,,,,,,,,,,,,,,,,,,,,,,,,,,,,,,,,,,,,,,,,,,,,,,,,,,,,,,,,,,,,,,,,,,,,,,,,,,,,
2021-08-26T20:45:00,2459453.365,-28.445,-22.858,0.202,5.587,2.861,0.009,2.871,10.245,0.176,0.026,2.084,0.787,2.084,0.777,,,,,,,,,,,,,,,,,,,,,,,,,,,,,,,,,,,,,,,,,,,,,,,,,,,,,,,,,,,,,,,,,,,,,,,,,,,,,,,,,,,,,,,,,,,,,,,,,,,,,,,,,
2021-08-26T21:00:00,2459453.375,-28.5,-23.007,0.212,5.493,2.853,0.01,2.863,10.271,0.185,0.027,2.064,0.799,2.064,0.789,,,,,,,,,,,,,,,,,,,,,,,,,,,,,,,,,,,,,,,,,,,,,,,,,,,,,,,,,,,,,,,,,,,,,,,,,,,,,,,,,,,,,,,,,,,,,,,,,,,,,,,,,
2021-08-26T21:15:00,2459453.385,-26.999,-21.564,0.205,5.434,2.842,0.009,2.852,10.296,0.179,0.026,2.07,0.781,2.07,0.772,,,,,,,,,,,,,,,,,,,,,,,,,,,,,,,,,,,,,,,,,,,,,,,,,,,,,,,,,,,,,,,,,,,,,,,,,,,,,,,,,,,,,,,,,,,,,,,,,,,,,,,,,
2021-08-26T21:30:00,2459453.396,-29.765,-24.187,0.209,5.578,2.854,0.009,2.863,10.345,0.184,0.025,2.062,0.801,2.062,0.792,,,,,,,,,,,,,,,,,,,,,,,,,,,,,,,,,,,,,,,,,,,,,,,,,,,,,,,,,,,,,,,,,,,,,,,,,,,,,,,,,,,,,,,,,,,,,,,,,,,,,,,,,
2021-08-26T21:45:00,2459453.406,-28.115,-22.832,0.214,5.283,2.858,0.009,2.867,10.368,0.189,0.025,2.065,0.802,2.065,0.793,,,,,,,,,,,,,,,,,,,,,,,,,,,,,,,,,,,,,,,,,,,,,,,,,,,,,,,,,,,,,,,,,,,,,,,,,,,,,,,,,,,,,,,,,,,,,,,,,,,,,,,,,
2021-08-26T22:00:00,2459453.417,-27.374,-21.946,0.212,5.428,2.854,0.009,2.863,10.406,0.188,0.024,2.071,0.792,2.071,0.783,,,,,,,,,,,,,,,,,,,,,,,,,,,,,,,,,,,,,,,,,,,,,,,,,,,,,,,,,,,,,,,,,,,,,,,,,,,,,,,,,,,,,,,,,,,,,,,,,,,,,,,,,
2021-08-26T22:15:00,2459453.427,-26.344,-21.038,0.214,5.306,2.842,0.009,2.851,10.427,0.191,0.024,2.063,0.788,2.063,0.779,,,,,,,,,,,,,,,,,,,,,,,,,,,,,,,,,,,,,,,,,,,,,,,,,,,,,,,,,,,,,,,,,,,,,,,,,,,,,,,,,,,,,,,,,,,,,,,,,,,,,,,,,
2021-08-26T22:30:00,2459453.438,-25.256,-20.012,0.212,5.244,2.85,0.009,2.859,10.452,0.188,0.024,2.041,0.818,2.041,0.808,,,,,,,,,,,,,,,,,,,,,,,,,,,,,,,,,,,,,,,,,,,,,,,,,,,,,,,,,,,,,,,,,,,,,,,,,,,,,,,,,,,,,,,,,,,,,,,,,,,,,,,,,
2021-08-26T22:45:00,2459453.448,-23.607,-18.455,0.207,5.152,2.843,0.009,2.852,10.479,0.183,0.024,2.039,0.814,2.039,0.804,,,,,,,,,,,,,,,,,,,,,,,,,,,,,,,,,,,,,,,,,,,,,,,,,,,,,,,,,,,,,,,,,,,,,,,,,,,,,,,,,,,,,,,,,,,,,,,,,,,,,,,,,
2021-08-26T23:00:00,2459453.458,-23.325,-18.281,0.208,5.044,2.84,0.009,2.849,10.501,0.185,0.022,2.042,0.807,2.042,0.798,,,,,,,,,,,,,,,,,,,,,,,,,,,,,,,,,,,,,,,,,,,,,,,,,,,,,,,,,,,,,,,,,,,,,,,,,,,,,,,,,,,,,,,,,,,,,,,,,,,,,,,,,
2021-08-26T23:15:00,2459453.469,-23.388,-18.271,0.216,5.118,2.854,0.009,2.863,10.527,0.194,0.022,2.033,0.83,2.033,0.821,,,,,,,,,,,,,,,,,,,,,,,,,,,,,,,,,,,,,,,,,,,,,,,,,,,,,,,,,,,,,,,,,,,,,,,,,,,,,,,,,,,,,,,,,,,,,,,,,,,,,,,,,
2021-08-26T23:30:00,2459453.479,-23.596,-18.607,0.211,4.989,2.842,0.009,2.851,10.549,0.189,0.022,2.018,0.833,2.018,0.824,,,,,,,,,,,,,,,,,,,,,,,,,,,,,,,,,,,,,,,,,,,,,,,,,,,,,,,,,,,,,,,,,,,,,,,,,,,,,,,,,,,,,,,,,,,,,,,,,,,,,,,,,
2021-08-26T23:45:00,2459453.49,-22.402,-17.261,0.21,5.141,2.837,0.009,2.846,10.559,0.188,0.022,2.033,0.813,2.033,0.803,,,,,,,,,,,,,,,,,,,,,,,,,,,,,,,,,,,,,,,,,,,,,,,,,,,,,,,,,,,,,,,,,,,,,,,,,,,,,,,,,,,,,,,,,,,,,,,,,,,,,,,,,
2021-08-27T00:00:00,2459453.5,-22.748,-17.688,0.212,5.06,2.839,0.01,2.848,10.571,0.189,0.023,2.023,0.825,2.023,0.816,,,,,,,,,,,,,,,,,,,,,,,,,,,,,,,,,,,,,,,,,,,,,,,,,,,,,,,,,,,,,,,,,,,,,,,,,,,,,,,,,,,,,,,,,,,,,,,,,,,,,,,,,
2021-08-27T00:15:00,2459453.51,-21.775,-16.663,0.21,5.111,2.827,0.009,2.836,10.574,0.187,0.023,2.024,0.812,2.024,0.803,,,,,,,,,,,,,,,,,,,,,,,,,,,,,,,,,,,,,,,,,,,,,,,,,,,,,,,,,,,,,,,,,,,,,,,,,,,,,,,,,,,,,,,,,,,,,,,,,,,,,,,,,
2021-08-27T00:30:00,2459453.521,-19.925,-15,0.205,4.925,2.831,0.009,2.841,10.587,0.183,0.023,2.014,0.827,2.014,0.818,,,,,,,,,,,,,,,,,,,,,,,,,,,,,,,,,,,,,,,,,,,,,,,,,,,,,,,,,,,,,,,,,,,,,,,,,,,,,,,,,,,,,,,,,,,,,,,,,,,,,,,,,
2021-08-27T00:45:00,2459453.531,-19.651,-14.664,0.208,4.987,2.83,0.009,2.839,10.59,0.185,0.023,2.009,0.831,2.009,0.821,,,,,,,,,,,,,,,,,,,,,,,,,,,,,,,,,,,,,,,,,,,,,,,,,,,,,,,,,,,,,,,,,,,,,,,,,,,,,,,,,,,,,,,,,,,,,,,,,,,,,,,,,
2021-08-27T01:00:00,2459453.542,-21.396,-16.395,0.208,5.001,2.812,0.01,2.822,10.576,0.185,0.024,2.016,0.806,2.016,0.796,,,,,,,,,,,,,,,,,,,,,,,,,,,,,,,,,,,,,,,,,,,,,,,,,,,,,,,,,,,,,,,,,,,,,,,,,,,,,,,,,,,,,,,,,,,,,,,,,,,,,,,,,
2021-08-27T01:15:00,2459453.552,-21.573,-16.771,0.209,4.802,2.817,0.01,2.827,10.57,0.185,0.024,2.026,0.801,2.026,0.791,,,,,,,,,,,,,,,,,,,,,,,,,,,,,,,,,,,,,,,,,,,,,,,,,,,,,,,,,,,,,,,,,,,,,,,,,,,,,,,,,,,,,,,,,,,,,,,,,,,,,,,,,
2021-08-27T01:30:00,2459453.563,-20.817,-15.806,0.215,5.011,2.812,0.01,2.822,10.576,0.192,0.023,2.025,0.797,2.025,0.787,,,,,,,,,,,,,,,,,,,,,,,,,,,,,,,,,,,,,,,,,,,,,,,,,,,,,,,,,,,,,,,,,,,,,,,,,,,,,,,,,,,,,,,,,,,,,,,,,,,,,,,,,
2021-08-27T01:45:00,2459453.573,-19.346,-14.406,0.209,4.94,2.82,0.01,2.83,10.57,0.186,0.023,2.003,0.827,2.003,0.817,,,,,,,,,,,,,,,,,,,,,,,,,,,,,,,,,,,,,,,,,,,,,,,,,,,,,,,,,,,,,,,,,,,,,,,,,,,,,,,,,,,,,,,,,,,,,,,,,,,,,,,,,
2021-08-27T02:00:00,2459453.583,-22.023,-17.061,0.209,4.962,2.825,0.01,2.835,10.544,0.186,0.023,2.008,0.827,2.008,0.817,,,,,,,,,,,,,,,,,,,,,,,,,,,,,,,,,,,,,,,,,,,,,,,,,,,,,,,,,,,,,,,,,,,,,,,,,,,,,,,,,,,,,,,,,,,,,,,,,,,,,,,,,
2021-08-27T02:15:00,2459453.594,-22.837,-17.672,0.205,5.164,2.819,0.01,2.829,10.512,0.183,0.022,2.014,0.814,2.014,0.804,,,,,,,,,,,,,,,,,,,,,,,,,,,,,,,,,,,,,,,,,,,,,,,,,,,,,,,,,,,,,,,,,,,,,,,,,,,,,,,,,,,,,,,,,,,,,,,,,,,,,,,,,
2021-08-27T02:30:00,2459453.604,-25.351,-20.31,0.2,5.042,2.821,0.01,2.831,10.512,0.178,0.021,2.003,0.827,2.003,0.817,,,,,,,,,,,,,,,,,,,,,,,,,,,,,,,,,,,,,,,,,,,,,,,,,,,,,,,,,,,,,,,,,,,,,,,,,,,,,,,,,,,,,,,,,,,,,,,,,,,,,,,,,
2021-08-27T02:45:00,2459453.615,-23.461,-18.285,0.197,5.175,2.829,0.01,2.839,10.48,0.176,0.021,2.013,0.826,2.013,0.816,,,,,,,,,,,,,,,,,,,,,,,,,,,,,,,,,,,,,,,,,,,,,,,,,,,,,,,,,,,,,,,,,,,,,,,,,,,,,,,,,,,,,,,,,,,,,,,,,,,,,,,,,
2021-08-27T03:00:00,2459453.625,-26.774,-21.483,0.194,5.291,2.831,0.01,2.842,10.457,0.173,0.021,2,0.842,2,0.832,,,,,,,,,,,,,,,,,,,,,,,,,,,,,,,,,,,,,,,,,,,,,,,,,,,,,,,,,,,,,,,,,,,,,,,,,,,,,,,,,,,,,,,,,,,,,,,,,,,,,,,,,
2021-08-27T03:15:00,2459453.635,-25.676,-20.434,0.2,5.242,2.822,0.011,2.832,10.434,0.179,0.021,1.997,0.835,1.997,0.825,,,,,,,,,,,,,,,,,,,,,,,,,,,,,,,,,,,,,,,,,,,,,,,,,,,,,,,,,,,,,,,,,,,,,,,,,,,,,,,,,,,,,,,,,,,,,,,,,,,,,,,,,
2021-08-27T03:30:00,2459453.646,-26.485,-21.1,0.196,5.385,2.841,0.011,2.851,10.437,0.176,0.02,2.018,0.833,2.018,0.823,,,,,,,,,,,,,,,,,,,,,,,,,,,,,,,,,,,,,,,,,,,,,,,,,,,,,,,,,,,,,,,,,,,,,,,,,,,,,,,,,,,,,,,,,,,,,,,,,,,,,,,,,
2021-08-27T03:45:00,2459453.656,-27.014,-21.49,0.201,5.524,2.855,0.01,2.866,10.412,0.181,0.02,2.038,0.828,2.038,0.818,,,,,,,,,,,,,,,,,,,,,,,,,,,,,,,,,,,,,,,,,,,,,,,,,,,,,,,,,,,,,,,,,,,,,,,,,,,,,,,,,,,,,,,,,,,,,,,,,,,,,,,,,
2021-08-27T04:00:00,2459453.667,-27.899,-22.191,0.19,5.708,2.853,0.01,2.863,10.383,0.171,0.019,2.022,0.841,2.022,0.83,,,,,,,,,,,,,,,,,,,,,,,,,,,,,,,,,,,,,,,,,,,,,,,,,,,,,,,,,,,,,,,,,,,,,,,,,,,,,,,,,,,,,,,,,,,,,,,,,,,,,,,,,
2021-08-27T04:15:00,2459453.677,-29.103,-23.513,0.193,5.59,2.85,0.01,2.86,10.369,0.175,0.018,2.015,0.844,2.015,0.834,,,,,,,,,,,,,,,,,,,,,,,,,,,,,,,,,,,,,,,,,,,,,,,,,,,,,,,,,,,,,,,,,,,,,,,,,,,,,,,,,,,,,,,,,,,,,,,,,,,,,,,,,
2021-08-27T04:30:00,2459453.688,-29.625,-24.084,0.189,5.541,2.863,0.01,2.874,10.346,0.17,0.019,2.015,0.858,2.015,0.848,,,,,,,,,,,,,,,,,,,,,,,,,,,,,,,,,,,,,,,,,,,,,,,,,,,,,,,,,,,,,,,,,,,,,,,,,,,,,,,,,,,,,,,,,,,,,,,,,,,,,,,,,
2021-08-27T04:45:00,2459453.698,-30.903,-25.338,0.192,5.565,2.87,0.01,2.88,10.332,0.174,0.018,2.022,0.858,2.022,0.848,,,,,,,,,,,,,,,,,,,,,,,,,,,,,,,,,,,,,,,,,,,,,,,,,,,,,,,,,,,,,,,,,,,,,,,,,,,,,,,,,,,,,,,,,,,,,,,,,,,,,,,,,
2021-08-27T05:00:00,2459453.708,-31.795,-26.101,0.191,5.694,2.863,0.01,2.873,10.321,0.174,0.018,2.012,0.861,2.012,0.851,,,,,,,,,,,,,,,,,,,,,,,,,,,,,,,,,,,,,,,,,,,,,,,,,,,,,,,,,,,,,,,,,,,,,,,,,,,,,,,,,,,,,,,,,,,,,,,,,,,,,,,,,
2021-08-27T05:15:00,2459453.719,-30.894,-25.09,0.185,5.805,2.867,0.01,2.876,10.297,0.168,0.017,2.011,0.866,2.011,0.856,,,,,,,,,,,,,,,,,,,,,,,,,,,,,,,,,,,,,,,,,,,,,,,,,,,,,,,,,,,,,,,,,,,,,,,,,,,,,,,,,,,,,,,,,,,,,,,,,,,,,,,,,
2021-08-27T05:30:00,2459453.729,-31.153,-25.513,0.184,5.64,2.871,0.009,2.881,10.283,0.167,0.016,2.012,0.869,2.012,0.859,,,,,,,,,,,,,,,,,,,,,,,,,,,,,,,,,,,,,,,,,,,,,,,,,,,,,,,,,,,,,,,,,,,,,,,,,,,,,,,,,,,,,,,,,,,,,,,,,,,,,,,,,
2021-08-27T05:45:00,2459453.74,-30.513,-24.831,0.177,5.682,2.868,0.009,2.877,10.259,0.161,0.016,2.023,0.854,2.023,0.845,,,,,,,,,,,,,,,,,,,,,,,,,,,,,,,,,,,,,,,,,,,,,,,,,,,,,,,,,,,,,,,,,,,,,,,,,,,,,,,,,,,,,,,,,,,,,,,,,,,,,,,,,
2021-08-27T06:00:00,2459453.75,-30.424,-24.562,0.177,5.862,2.931,0.009,2.941,10.921,0.161,0.016,2.086,0.855,2.086,0.845,,,,,,,,,,,,,,,,,,,,,,,,,,,,,,,,,,,,,,,,,,,,,,,,,,,,,,,,,,,,,,,,,,,,,,,,,,,,,,,,,,,,,,,,,,,,,,,,,,,,,,,,,
2021-08-27T06:15:00,2459453.76,-29.359,-23.45,0.173,5.909,2.893,0.009,2.902,10.227,0.157,0.016,2.044,0.858,2.044,0.848,,,,,,,,,,,,,,,,,,,,,,,,,,,,,,,,,,,,,,,,,,,,,,,,,,,,,,,,,,,,,,,,,,,,,,,,,,,,,,,,,,,,,,,,,,,,,,,,,,,,,,,,,
2021-08-27T06:30:00,2459453.771,-29.055,-23.204,0.162,5.851,2.88,0.009,2.89,10.231,0.147,0.015,2.042,0.847,2.042,0.838,,,,,,,,,,,,,,,,,,,,,,,,,,,,,,,,,,,,,,,,,,,,,,,,,,,,,,,,,,,,,,,,,,,,,,,,,,,,,,,,,,,,,,,,,,,,,,,,,,,,,,,,,
2021-08-27T06:45:00,2459453.781,-29.171,-23.388,0.173,5.783,2.884,0.009,2.893,10.219,0.157,0.016,2.017,0.876,2.017,0.867,,,,,,,,,,,,,,,,,,,,,,,,,,,,,,,,,,,,,,,,,,,,,,,,,,,,,,,,,,,,,,,,,,,,,,,,,,,,,,,,,,,,,,,,,,,,,,,,,,,,,,,,,
2021-08-27T07:00:00,2459453.792,-27.143,-21.419,0.168,5.724,2.876,0.01,2.886,10.206,0.151,0.016,2.023,0.863,2.023,0.853,,,,,,,,,,,,,,,,,,,,,,,,,,,,,,,,,,,,,,,,,,,,,,,,,,,,,,,,,,,,,,,,,,,,,,,,,,,,,,,,,,,,,,,,,,,,,,,,,,,,,,,,,
2021-08-27T07:15:00,2459453.802,-27.816,-22.112,0.161,5.704,2.886,0.01,2.896,10.209,0.144,0.017,2.038,0.858,2.038,0.848,,,,,,,,,,,,,,,,,,,,,,,,,,,,,,,,,,,,,,,,,,,,,,,,,,,,,,,,,,,,,,,,,,,,,,,,,,,,,,,,,,,,,,,,,,,,,,,,,,,,,,,,,
2021-08-27T07:30:00,2459453.813,-29.245,-23.656,0.157,5.588,2.897,0.009,2.907,10.21,0.141,0.016,2.04,0.867,2.04,0.858,,,,,,,,,,,,,,,,,,,,,,,,,,,,,,,,,,,,,,,,,,,,,,,,,,,,,,,,,,,,,,,,,,,,,,,,,,,,,,,,,,,,,,,,,,,,,,,,,,,,,,,,,
2021-08-27T07:45:00,2459453.823,-28.791,-23.227,0.149,5.564,2.899,0.01,2.909,10.238,0.133,0.016,2.04,0.869,2.04,0.859,,,,,,,,,,,,,,,,,,,,,,,,,,,,,,,,,,,,,,,,,,,,,,,,,,,,,,,,,,,,,,,,,,,,,,,,,,,,,,,,,,,,,,,,,,,,,,,,,,,,,,,,,
2021-08-27T08:00:00,2459453.833,-29.197,-23.426,0.148,5.771,2.89,0.01,2.9,10.198,0.132,0.016,2.046,0.854,2.046,0.844,,,,,,,,,,,,,,,,,,,,,,,,,,,,,,,,,,,,,,,,,,,,,,,,,,,,,,,,,,,,,,,,,,,,,,,,,,,,,,,,,,,,,,,,,,,,,,,,,,,,,,,,,
2021-08-27T08:15:00,2459453.844,-28.652,-22.955,0.145,5.696,2.89,0.01,2.9,10.217,0.129,0.016,2.035,0.865,2.035,0.855,,,,,,,,,,,,,,,,,,,,,,,,,,,,,,,,,,,,,,,,,,,,,,,,,,,,,,,,,,,,,,,,,,,,,,,,,,,,,,,,,,,,,,,,,,,,,,,,,,,,,,,,,
2021-08-27T08:30:00,2459453.854,-28.148,-22.571,0.142,5.576,2.892,0.01,2.902,10.212,0.126,0.016,2.05,0.853,2.05,0.843,,,,,,,,,,,,,,,,,,,,,,,,,,,,,,,,,,,,,,,,,,,,,,,,,,,,,,,,,,,,,,,,,,,,,,,,,,,,,,,,,,,,,,,,,,,,,,,,,,,,,,,,,
2021-08-27T08:45:00,2459453.865,-27.76,-22.104,0.138,5.656,2.904,0.01,2.914,10.253,0.124,0.015,2.03,0.884,2.03,0.874,,,,,,,,,,,,,,,,,,,,,,,,,,,,,,,,,,,,,,,,,,,,,,,,,,,,,,,,,,,,,,,,,,,,,,,,,,,,,,,,,,,,,,,,,,,,,,,,,,,,,,,,,
2021-08-27T09:00:00,2459453.875,-26.827,-21.111,0.129,5.716,2.888,0.009,2.897,10.239,0.115,0.014,2.033,0.864,2.033,0.855,,,,,,,,,,,,,,,,,,,,,,,,,,,,,,,,,,,,,,,,,,,,,,,,,,,,,,,,,,,,,,,,,,,,,,,,,,,,,,,,,,,,,,,,,,,,,,,,,,,,,,,,,
2021-08-27T09:15:00,2459453.885,-27.377,-21.895,0.129,5.482,2.896,0.009,2.905,10.26,0.116,0.014,2.042,0.864,2.042,0.855,,,,,,,,,,,,,,,,,,,,,,,,,,,,,,,,,,,,,,,,,,,,,,,,,,,,,,,,,,,,,,,,,,,,,,,,,,,,,,,,,,,,,,,,,,,,,,,,,,,,,,,,,
2021-08-27T09:30:00,2459453.896,-28.545,-23.148,0.126,5.398,2.888,0.009,2.897,10.267,0.113,0.013,2.041,0.856,2.041,0.846,,,,,,,,,,,,,,,,,,,,,,,,,,,,,,,,,,,,,,,,,,,,,,,,,,,,,,,,,,,,,,,,,,,,,,,,,,,,,,,,,,,,,,,,,,,,,,,,,,,,,,,,,
2021-08-27T09:45:00,2459453.906,-27.722,-22.358,0.125,5.363,2.898,0.009,2.907,10.277,0.111,0.014,2.029,0.879,2.029,0.869,,,,,,,,,,,,,,,,,,,,,,,,,,,,,,,,,,,,,,,,,,,,,,,,,,,,,,,,,,,,,,,,,,,,,,,,,,,,,,,,,,,,,,,,,,,,,,,,,,,,,,,,,
2021-08-27T10:00:00,2459453.917,-25.107,-19.658,0.121,5.449,2.91,0.009,2.919,10.334,0.108,0.014,2.013,0.906,2.013,0.897,,,,,,,,,,,,,,,,,,,,,,,,,,,,,,,,,,,,,,,,,,,,,,,,,,,,,,,,,,,,,,,,,,,,,,,,,,,,,,,,,,,,,,,,,,,,,,,,,,,,,,,,,
2021-08-27T10:15:00,2459453.927,-25.754,-20.246,0.115,5.508,2.905,0.01,2.915,10.324,0.101,0.014,2.04,0.875,2.04,0.865,,,,,,,,,,,,,,,,,,,,,,,,,,,,,,,,,,,,,,,,,,,,,,,,,,,,,,,,,,,,,,,,,,,,,,,,,,,,,,,,,,,,,,,,,,,,,,,,,,,,,,,,,
2021-08-27T10:30:00,2459453.938,-25.313,-20.006,0.106,5.307,2.904,0.01,2.914,10.346,0.092,0.014,2.042,0.872,2.042,0.862,,,,,,,,,,,,,,,,,,,,,,,,,,,,,,,,,,,,,,,,,,,,,,,,,,,,,,,,,,,,,,,,,,,,,,,,,,,,,,,,,,,,,,,,,,,,,,,,,,,,,,,,,
2021-08-27T10:45:00,2459453.948,-26.265,-21.033,0.11,5.232,2.899,0.01,2.909,10.364,0.096,0.014,2.02,0.889,2.02,0.879,,,,,,,,,,,,,,,,,,,,,,,,,,,,,,,,,,,,,,,,,,,,,,,,,,,,,,,,,,,,,,,,,,,,,,,,,,,,,,,,,,,,,,,,,,,,,,,,,,,,,,,,,
2021-08-27T11:00:00,2459453.958,-24.601,-19.145,0.111,5.457,2.889,0.01,2.898,10.38,0.098,0.013,2.038,0.86,2.038,0.851,,,,,,,,,,,,,,,,,,,,,,,,,,,,,,,,,,,,,,,,,,,,,,,,,,,,,,,,,,,,,,,,,,,,,,,,,,,,,,,,,,,,,,,,,,,,,,,,,,,,,,,,,
2021-08-27T11:15:00,2459453.969,-25.359,-20.06,0.106,5.299,2.882,0.01,2.892,10.393,0.093,0.012,2.042,0.849,2.042,0.84,,,,,,,,,,,,,,,,,,,,,,,,,,,,,,,,,,,,,,,,,,,,,,,,,,,,,,,,,,,,,,,,,,,,,,,,,,,,,,,,,,,,,,,,,,,,,,,,,,,,,,,,,
2021-08-27T11:30:00,2459453.979,-22.848,-17.541,0.109,5.307,2.885,0.009,2.894,10.42,0.097,0.012,2.03,0.865,2.03,0.855,,,,,,,,,,,,,,,,,,,,,,,,,,,,,,,,,,,,,,,,,,,,,,,,,,,,,,,,,,,,,,,,,,,,,,,,,,,,,,,,,,,,,,,,,,,,,,,,,,,,,,,,,
2021-08-27T11:45:00,2459453.99,-23.442,-18.232,0.099,5.21,2.898,0.009,2.907,10.441,0.087,0.012,2.023,0.885,2.023,0.875,,,,,,,,,,,,,,,,,,,,,,,,,,,,,,,,,,,,,,,,,,,,,,,,,,,,,,,,,,,,,,,,,,,,,,,,,,,,,,,,,,,,,,,,,,,,,,,,,,,,,,,,,
2021-08-27T12:00:00,2459454,-24.141,-18.795,0.103,5.346,2.899,0.01,2.909,10.457,0.091,0.012,2.052,0.857,2.052,0.847,,,,,,,,,,,,,,,,,,,,,,,,,,,,,,,,,,,,,,,,,,,,,,,,,,,,,,,,,,,,,,,,,,,,,,,,,,,,,,,,,,,,,,,,,,,,,,,,,,,,,,,,,
2021-08-27T12:15:00,2459454.01,-23.238,-18.028,0.098,5.21,2.893,0.01,2.902,10.454,0.086,0.012,2.057,0.846,2.057,0.836,,,,,,,,,,,,,,,,,,,,,,,,,,,,,,,,,,,,,,,,,,,,,,,,,,,,,,,,,,,,,,,,,,,,,,,,,,,,,,,,,,,,,,,,,,,,,,,,,,,,,,,,,
2021-08-27T12:30:00,2459454.021,-23.357,-18.037,0.098,5.319,2.896,0.01,2.906,10.477,0.086,0.012,2.053,0.853,2.053,0.843,,,,,,,,,,,,,,,,,,,,,,,,,,,,,,,,,,,,,,,,,,,,,,,,,,,,,,,,,,,,,,,,,,,,,,,,,,,,,,,,,,,,,,,,,,,,,,,,,,,,,,,,,
2021-08-27T12:45:00,2459454.031,-24.388,-19.087,0.095,5.302,2.904,0.01,2.914,10.498,0.083,0.012,2.048,0.866,2.048,0.856,,,,,,,,,,,,,,,,,,,,,,,,,,,,,,,,,,,,,,,,,,,,,,,,,,,,,,,,,,,,,,,,,,,,,,,,,,,,,,,,,,,,,,,,,,,,,,,,,,,,,,,,,
2021-08-27T13:00:00,2459454.042,-23.699,-18.335,0.097,5.364,2.892,0.01,2.902,10.477,0.086,0.011,2.037,0.865,2.037,0.855,,,,,,,,,,,,,,,,,,,,,,,,,,,,,,,,,,,,,,,,,,,,,,,,,,,,,,,,,,,,,,,,,,,,,,,,,,,,,,,,,,,,,,,,,,,,,,,,,,,,,,,,,
2021-08-27T13:15:00,2459454.052,-24.025,-18.822,0.101,5.203,2.879,0.01,2.889,10.49,0.09,0.011,2.016,0.873,2.016,0.863,,,,,,,,,,,,,,,,,,,,,,,,,,,,,,,,,,,,,,,,,,,,,,,,,,,,,,,,,,,,,,,,,,,,,,,,,,,,,,,,,,,,,,,,,,,,,,,,,,,,,,,,,
2021-08-27T13:30:00,2459454.063,-23.844,-18.642,0.092,5.202,2.888,0.01,2.898,10.463,0.081,0.011,2.046,0.852,2.046,0.842,,,,,,,,,,,,,,,,,,,,,,,,,,,,,,,,,,,,,,,,,,,,,,,,,,,,,,,,,,,,,,,,,,,,,,,,,,,,,,,,,,,,,,,,,,,,,,,,,,,,,,,,,
2021-08-27T13:45:00,2459454.073,-24.089,-18.794,0.094,5.294,2.882,0.01,2.893,10.452,0.084,0.01,2.05,0.843,2.05,0.832,,,,,,,,,,,,,,,,,,,,,,,,,,,,,,,,,,,,,,,,,,,,,,,,,,,,,,,,,,,,,,,,,,,,,,,,,,,,,,,,,,,,,,,,,,,,,,,,,,,,,,,,,
2021-08-27T14:00:00,2459454.083,-24.752,-19.491,0.102,5.261,2.886,0.01,2.896,10.448,0.092,0.01,2.014,0.882,2.014,0.872,,,,,,,,,,,,,,,,,,,,,,,,,,,,,,,,,,,,,,,,,,,,,,,,,,,,,,,,,,,,,,,,,,,,,,,,,,,,,,,,,,,,,,,,,,,,,,,,,,,,,,,,,
2021-08-27T14:15:00,2459454.094,-25.218,-20.034,0.1,5.185,2.875,0.011,2.885,10.451,0.09,0.011,2.023,0.862,2.023,0.852,,,,,,,,,,,,,,,,,,,,,,,,,,,,,,,,,,,,,,,,,,,,,,,,,,,,,,,,,,,,,,,,,,,,,,,,,,,,,,,,,,,,,,,,,,,,,,,,,,,,,,,,,
2021-08-27T14:30:00,2459454.104,-24.811,-19.43,0.108,5.381,2.87,0.01,2.88,10.413,0.098,0.011,2.006,0.874,2.006,0.864,,,,,,,,,,,,,,,,,,,,,,,,,,,,,,,,,,,,,,,,,,,,,,,,,,,,,,,,,,,,,,,,,,,,,,,,,,,,,,,,,,,,,,,,,,,,,,,,,,,,,,,,,
2021-08-27T14:45:00,2459454.115,-24.384,-18.916,0.105,5.468,2.883,0.011,2.894,10.426,0.094,0.011,2.039,0.855,2.039,0.844,,,,,,,,,,,,,,,,,,,,,,,,,,,,,,,,,,,,,,,,,,,,,,,,,,,,,,,,,,,,,,,,,,,,,,,,,,,,,,,,,,,,,,,,,,,,,,,,,,,,,,,,,
2021-08-27T15:00:00,2459454.125,-26.955,-21.524,0.106,5.431,2.878,0.011,2.889,10.395,0.095,0.01,2.034,0.855,2.034,0.844,,,,,,,,,,,,,,,,,,,,,,,,,,,,,,,,,,,,,,,,,,,,,,,,,,,,,,,,,,,,,,,,,,,,,,,,,,,,,,,,,,,,,,,,,,,,,,,,,,,,,,,,,
2021-08-27T15:15:00,2459454.135,-25.509,-20.109,0.11,5.401,2.886,0.011,2.896,10.374,0.099,0.01,2.029,0.867,2.029,0.856,,,,,,,,,,,,,,,,,,,,,,,,,,,,,,,,,,,,,,,,,,,,,,,,,,,,,,,,,,,,,,,,,,,,,,,,,,,,,,,,,,,,,,,,,,,,,,,,,,,,,,,,,
2021-08-27T15:30:00,2459454.146,-25.064,-19.615,0.105,5.449,2.878,0.01,2.888,10.364,0.096,0.009,2.031,0.858,2.031,0.848,,,,,,,,,,,,,,,,,,,,,,,,,,,,,,,,,,,,,,,,,,,,,,,,,,,,,,,,,,,,,,,,,,,,,,,,,,,,,,,,,,,,,,,,,,,,,,,,,,,,,,,,,
2021-08-27T15:45:00,2459454.156,-27.038,-21.644,0.11,5.394,2.881,0.01,2.892,10.345,0.101,0.01,2.042,0.849,2.042,0.839,,,,,,,,,,,,,,,,,,,,,,,,,,,,,,,,,,,,,,,,,,,,,,,,,,,,,,,,,,,,,,,,,,,,,,,,,,,,,,,,,,,,,,,,,,,,,,,,,,,,,,,,,
2021-08-27T16:00:00,2459454.167,-26.58,-21.164,0.103,5.416,2.876,0.011,2.886,10.332,0.093,0.01,2.05,0.837,2.05,0.826,,,,,,,,,,,,,,,,,,,,,,,,,,,,,,,,,,,,,,,,,,,,,,,,,,,,,,,,,,,,,,,,,,,,,,,,,,,,,,,,,,,,,,,,,,,,,,,,,,,,,,,,,
2021-08-27T16:15:00,2459454.177,-27.214,-21.809,0.107,5.405,2.869,0.011,2.88,10.309,0.097,0.01,2.037,0.843,2.037,0.832,,,,,,,,,,,,,,,,,,,,,,,,,,,,,,,,,,,,,,,,,,,,,,,,,,,,,,,,,,,,,,,,,,,,,,,,,,,,,,,,,,,,,,,,,,,,,,,,,,,,,,,,,
2021-08-27T16:30:00,2459454.188,-27.346,-21.833,0.113,5.514,2.864,0.011,2.874,10.301,0.103,0.01,2.012,0.862,2.012,0.851,,,,,,,,,,,,,,,,,,,,,,,,,,,,,,,,,,,,,,,,,,,,,,,,,,,,,,,,,,,,,,,,,,,,,,,,,,,,,,,,,,,,,,,,,,,,,,,,,,,,,,,,,
2021-08-27T16:45:00,2459454.198,-26.778,-21.297,0.112,5.48,2.865,0.011,2.876,10.287,0.103,0.01,2.031,0.845,2.031,0.834,,,,,,,,,,,,,,,,,,,,,,,,,,,,,,,,,,,,,,,,,,,,,,,,,,,,,,,,,,,,,,,,,,,,,,,,,,,,,,,,,,,,,,,,,,,,,,,,,,,,,,,,,
2021-08-27T17:00:00,2459454.208,-27.268,-21.733,0.114,5.536,2.858,0.011,2.869,10.284,0.105,0.009,2.013,0.855,2.013,0.845,,,,,,,,,,,,,,,,,,,,,,,,,,,,,,,,,,,,,,,,,,,,,,,,,,,,,,,,,,,,,,,,,,,,,,,,,,,,,,,,,,,,,,,,,,,,,,,,,,,,,,,,,
2021-08-27T17:15:00,2459454.219,-26.086,-20.532,0.114,5.554,2.861,0.011,2.872,10.253,0.105,0.009,2.014,0.858,2.014,0.847,,,,,,,,,,,,,,,,,,,,,,,,,,,,,,,,,,,,,,,,,,,,,,,,,,,,,,,,,,,,,,,,,,,,,,,,,,,,,,,,,,,,,,,,,,,,,,,,,,,,,,,,,
2021-08-27T17:30:00,2459454.229,-28.254,-22.66,0.114,5.594,2.856,0.011,2.867,10.238,0.104,0.009,2.006,0.862,2.006,0.851,,,,,,,,,,,,,,,,,,,,,,,,,,,,,,,,,,,,,,,,,,,,,,,,,,,,,,,,,,,,,,,,,,,,,,,,,,,,,,,,,,,,,,,,,,,,,,,,,,,,,,,,,
2021-08-27T17:45:00,2459454.24,-27.736,-22.083,0.122,5.653,2.857,0.011,2.868,10.235,0.113,0.009,2.004,0.863,2.004,0.852,,,,,,,,,,,,,,,,,,,,,,,,,,,,,,,,,,,,,,,,,,,,,,,,,,,,,,,,,,,,,,,,,,,,,,,,,,,,,,,,,,,,,,,,,,,,,,,,,,,,,,,,,
2021-08-27T18:00:00,2459454.25,-26.968,-21.235,0.126,5.733,2.907,0.011,2.918,10.979,0.117,0.009,2.028,0.89,2.028,0.879,,,,,,,,,,,,,,,,,,,,,,,,,,,,,,,,,,,,,,,,,,,,,,,,,,,,,,,,,,,,,,,,,,,,,,,,,,,,,,,,,,,,,,,,,,,,,,,,,,,,,,,,,
2021-08-27T18:00:00,2459454.25,-26.968,-21.235,0.126,5.733,2.907,0.011,2.918,10.979,0.117,0.009,2.028,0.89,2.028,0.879,,,,,,,,,,,,,,,,,,,,,,,,,,,,,,,,,,,,,,,,,,,,,,,,,,,,,,,,,,,,,,,,,,,,,,,,,,,,,,,,,,,,,,,,,,,,,,,,,,,,,,,,,
2021-08-27T18:15:00,2459454.26,-26.023,-20.313,0.12,5.71,2.851,0.011,2.862,10.223,0.111,0.009,1.999,0.863,1.999,0.852,,,,,,,,,,,,,,,,,,,,,,,,,,,,,,,,,,,,,,,,,,,,,,,,,,,,,,,,,,,,,,,,,,,,,,,,,,,,,,,,,,,,,,,,,,,,,,,,,,,,,,,,,
2021-08-27T18:30:00,2459454.271,-27.434,-21.63,0.132,5.804,2.86,0.011,2.871,10.218,0.124,0.008,1.996,0.875,1.996,0.863,,,,,,,,,,,,,,,,,,,,,,,,,,,,,,,,,,,,,,,,,,,,,,,,,,,,,,,,,,,,,,,,,,,,,,,,,,,,,,,,,,,,,,,,,,,,,,,,,,,,,,,,,
2021-08-27T18:45:00,2459454.281,-28.281,-22.585,0.129,5.696,2.846,0.011,2.857,10.232,0.121,0.008,1.99,0.867,1.99,0.856,,,,,,,,,,,,,,,,,,,,,,,,,,,,,,,,,,,,,,,,,,,,,,,,,,,,,,,,,,,,,,,,,,,,,,,,,,,,,,,,,,,,,,,,,,,,,,,,,,,,,,,,,
2021-08-27T19:00:00,2459454.292,-28.04,-22.272,0.129,5.769,2.842,0.011,2.853,10.243,0.121,0.008,1.99,0.862,1.99,0.851,,,,,,,,,,,,,,,,,,,,,,,,,,,,,,,,,,,,,,,,,,,,,,,,,,,,,,,,,,,,,,,,,,,,,,,,,,,,,,,,,,,,,,,,,,,,,,,,,,,,,,,,,
2021-08-27T19:15:00,2459454.302,-27.409,-21.546,0.134,5.864,2.843,0.011,2.854,10.249,0.126,0.008,1.977,0.877,1.977,0.866,,,,,,,,,,,,,,,,,,,,,,,,,,,,,,,,,,,,,,,,,,,,,,,,,,,,,,,,,,,,,,,,,,,,,,,,,,,,,,,,,,,,,,,,,,,,,,,,,,,,,,,,,
2021-08-27T19:45:00,2459454.323,-27.675,-21.946,0.143,5.729,2.846,0.011,2.857,10.289,0.136,0.007,1.963,0.894,1.963,0.883,,,,,,,,,,,,,,,,,,,,,,,,,,,,,,,,,,,,,,,,,,,,,,,,,,,,,,,,,,,,,,,,,,,,,,,,,,,,,,,,,,,,,,,,,,,,,,,,,,,,,,,,,
2021-08-27T20:00:00,2459454.333,-28.175,-22.354,0.136,5.82,2.837,0.011,2.849,10.303,0.129,0.007,1.991,0.858,1.991,0.846,,,,,,,,,,,,,,,,,,,,,,,,,,,,,,,,,,,,,,,,,,,,,,,,,,,,,,,,,,,,,,,,,,,,,,,,,,,,,,,,,,,,,,,,,,,,,,,,,,,,,,,,,
2021-08-27T20:15:00,2459454.344,-28.32,-22.602,0.134,5.719,2.818,0.012,2.83,10.313,0.126,0.007,1.958,0.872,1.958,0.86,,,,,,,,,,,,,,,,,,,,,,,,,,,,,,,,,,,,,,,,,,,,,,,,,,,,,,,,,,,,,,,,,,,,,,,,,,,,,,,,,,,,,,,,,,,,,,,,,,,,,,,,,
2021-08-27T20:45:00,2459454.365,-29.427,-23.813,0.133,5.614,2.827,0.012,2.839,10.354,0.127,0.006,1.937,0.902,1.937,0.891,,,,,,,,,,,,,,,,,,,,,,,,,,,,,,,,,,,,,,,,,,,,,,,,,,,,,,,,,,,,,,,,,,,,,,,,,,,,,,,,,,,,,,,,,,,,,,,,,,,,,,,,,
2021-08-27T21:00:00,2459454.375,-28.468,-22.858,0.135,5.61,2.824,0.012,2.836,10.383,0.128,0.006,1.937,0.9,1.937,0.888,,,,,,,,,,,,,,,,,,,,,,,,,,,,,,,,,,,,,,,,,,,,,,,,,,,,,,,,,,,,,,,,,,,,,,,,,,,,,,,,,,,,,,,,,,,,,,,,,,,,,,,,,
2021-08-27T21:15:00,2459454.385,-29.933,-24.324,0.133,5.608,2.813,0.012,2.825,10.394,0.128,0.006,1.941,0.883,1.941,0.871,,,,,,,,,,,,,,,,,,,,,,,,,,,,,,,,,,,,,,,,,,,,,,,,,,,,,,,,,,,,,,,,,,,,,,,,,,,,,,,,,,,,,,,,,,,,,,,,,,,,,,,,,
2021-08-27T21:30:00,2459454.396,-28.002,-22.495,0.124,5.507,2.812,0.012,2.824,10.439,0.119,0.005,1.946,0.878,1.946,0.866,,,,,,,,,,,,,,,,,,,,,,,,,,,,,,,,,,,,,,,,,,,,,,,,,,,,,,,,,,,,,,,,,,,,,,,,,,,,,,,,,,,,,,,,,,,,,,,,,,,,,,,,,
2021-08-27T21:45:00,2459454.406,-27.707,-22.307,0.128,5.401,2.808,0.012,2.819,10.456,0.123,0.005,1.948,0.872,1.948,0.86,,,,,,,,,,,,,,,,,,,,,,,,,,,,,,,,,,,,,,,,,,,,,,,,,,,,,,,,,,,,,,,,,,,,,,,,,,,,,,,,,,,,,,,,,,,,,,,,,,,,,,,,,
2021-08-27T22:00:00,2459454.417,-28.165,-22.767,0.128,5.397,2.81,0.012,2.822,10.472,0.124,0.004,1.924,0.898,1.924,0.886,,,,,,,,,,,,,,,,,,,,,,,,,,,,,,,,,,,,,,,,,,,,,,,,,,,,,,,,,,,,,,,,,,,,,,,,,,,,,,,,,,,,,,,,,,,,,,,,,,,,,,,,,
2021-08-27T22:15:00,2459454.427,-29.27,-23.87,0.127,5.4,2.8,0.011,2.812,10.498,0.123,0.004,1.917,0.895,1.917,0.884,,,,,,,,,,,,,,,,,,,,,,,,,,,,,,,,,,,,,,,,,,,,,,,,,,,,,,,,,,,,,,,,,,,,,,,,,,,,,,,,,,,,,,,,,,,,,,,,,,,,,,,,,
2021-08-27T22:30:00,2459454.438,-26.607,-21.299,0.133,5.308,2.787,0.012,2.798,10.526,0.13,0.004,1.898,0.9,1.898,0.888,,,,,,,,,,,,,,,,,,,,,,,,,,,,,,,,,,,,,,,,,,,,,,,,,,,,,,,,,,,,,,,,,,,,,,,,,,,,,,,,,,,,,,,,,,,,,,,,,,,,,,,,,
2021-08-27T22:45:00,2459454.448,-25.26,-19.94,0.125,5.32,2.785,0.012,2.797,10.566,0.121,0.003,1.903,0.895,1.903,0.883,,,,,,,,,,,,,,,,,,,,,,,,,,,,,,,,,,,,,,,,,,,,,,,,,,,,,,,,,,,,,,,,,,,,,,,,,,,,,,,,,,,,,,,,,,,,,,,,,,,,,,,,,
2021-08-27T23:00:00,2459454.458,-25.191,-19.957,0.124,5.234,2.784,0.011,2.796,10.566,0.121,0.003,1.904,0.891,1.904,0.88,,,,,,,,,,,,,,,,,,,,,,,,,,,,,,,,,,,,,,,,,,,,,,,,,,,,,,,,,,,,,,,,,,,,,,,,,,,,,,,,,,,,,,,,,,,,,,,,,,,,,,,,,
2021-08-27T23:15:00,2459454.469,-26.05,-21.043,0.13,5.007,2.785,0.012,2.797,10.589,0.127,0.003,1.877,0.92,1.877,0.908,,,,,,,,,,,,,,,,,,,,,,,,,,,,,,,,,,,,,,,,,,,,,,,,,,,,,,,,,,,,,,,,,,,,,,,,,,,,,,,,,,,,,,,,,,,,,,,,,,,,,,,,,
2021-08-27T23:30:00,2459454.479,-23.134,-18.098,0.124,5.036,2.787,0.012,2.8,10.597,0.121,0.003,1.888,0.911,1.888,0.899,,,,,,,,,,,,,,,,,,,,,,,,,,,,,,,,,,,,,,,,,,,,,,,,,,,,,,,,,,,,,,,,,,,,,,,,,,,,,,,,,,,,,,,,,,,,,,,,,,,,,,,,,
2021-08-27T23:45:00,2459454.49,-24.055,-18.94,0.12,5.115,2.781,0.012,2.793,10.624,0.117,0.003,1.876,0.917,1.876,0.905,,,,,,,,,,,,,,,,,,,,,,,,,,,,,,,,,,,,,,,,,,,,,,,,,,,,,,,,,,,,,,,,,,,,,,,,,,,,,,,,,,,,,,,,,,,,,,,,,,,,,,,,,
2021-08-28T00:00:00,2459454.5,-24.427,-19.439,0.12,4.989,2.778,0.012,2.79,10.635,0.118,0.003,1.867,0.923,1.867,0.912,,,,,,,,,,,,,,,,,,,,,,,,,,,,,,,,,,,,,,,,,,,,,,,,,,,,,,,,,,,,,,,,,,,,,,,,,,,,,,,,,,,,,,,,,,,,,,,,,,,,,,,,,
2021-08-28T00:15:00,2459454.51,-21.684,-16.654,0.123,5.03,2.797,0.012,2.809,10.646,0.12,0.002,1.895,0.914,1.895,0.902,,,,,,,,,,,,,,,,,,,,,,,,,,,,,,,,,,,,,,,,,,,,,,,,,,,,,,,,,,,,,,,,,,,,,,,,,,,,,,,,,,,,,,,,,,,,,,,,,,,,,,,,,
2021-08-28T00:30:00,2459454.521,-24.231,-19.282,0.115,4.949,2.795,0.012,2.807,10.644,0.113,0.001,1.917,0.89,1.917,0.878,,,,,,,,,,,,,,,,,,,,,,,,,,,,,,,,,,,,,,,,,,,,,,,,,,,,,,,,,,,,,,,,,,,,,,,,,,,,,,,,,,,,,,,,,,,,,,,,,,,,,,,,,
2021-08-28T00:45:00,2459454.531,-22.888,-17.96,0.113,4.929,2.788,0.012,2.799,10.649,0.112,0.001,1.888,0.911,1.888,0.899,,,,,,,,,,,,,,,,,,,,,,,,,,,,,,,,,,,,,,,,,,,,,,,,,,,,,,,,,,,,,,,,,,,,,,,,,,,,,,,,,,,,,,,,,,,,,,,,,,,,,,,,,
2021-08-28T01:00:00,2459454.542,-23.516,-18.4,0.11,5.117,2.794,0.011,2.805,10.664,0.11,0,1.904,0.901,1.904,0.89,,,,,,,,,,,,,,,,,,,,,,,,,,,,,,,,,,,,,,,,,,,,,,,,,,,,,,,,,,,,,,,,,,,,,,,,,,,,,,,,,,,,,,,,,,,,,,,,,,,,,,,,,
2021-08-28T01:15:00,2459454.552,-21.699,-16.751,0.105,4.948,2.794,0.011,2.806,10.649,0.106,0,1.891,0.915,1.891,0.904,,,,,,,,,,,,,,,,,,,,,,,,,,,,,,,,,,,,,,,,,,,,,,,,,,,,,,,,,,,,,,,,,,,,,,,,,,,,,,,,,,,,,,,,,,,,,,,,,,,,,,,,,
2021-08-28T01:30:00,2459454.563,-23.297,-18.313,0.107,4.984,2.787,0.011,2.798,10.635,0.107,0,1.901,0.897,1.901,0.886,,,,,,,,,,,,,,,,,,,,,,,,,,,,,,,,,,,,,,,,,,,,,,,,,,,,,,,,,,,,,,,,,,,,,,,,,,,,,,,,,,,,,,,,,,,,,,,,,,,,,,,,,
2021-08-28T01:45:00,2459454.573,-24.589,-19.593,0.107,4.997,2.784,0.011,2.795,10.627,0.107,0,1.89,0.905,1.89,0.894,,,,,,,,,,,,,,,,,,,,,,,,,,,,,,,,,,,,,,,,,,,,,,,,,,,,,,,,,,,,,,,,,,,,,,,,,,,,,,,,,,,,,,,,,,,,,,,,,,,,,,,,,
2021-08-28T02:00:00,2459454.583,-24.984,-19.807,0.104,5.177,2.79,0.011,2.801,10.626,0.105,-0.001,1.865,0.936,1.865,0.925,,,,,,,,,,,,,,,,,,,,,,,,,,,,,,,,,,,,,,,,,,,,,,,,,,,,,,,,,,,,,,,,,,,,,,,,,,,,,,,,,,,,,,,,,,,,,,,,,,,,,,,,,
2021-08-28T02:15:00,2459454.594,-23.824,-18.756,0.105,5.069,2.794,0.011,2.804,10.629,0.106,-0.001,1.875,0.93,1.875,0.919,,,,,,,,,,,,,,,,,,,,,,,,,,,,,,,,,,,,,,,,,,,,,,,,,,,,,,,,,,,,,,,,,,,,,,,,,,,,,,,,,,,,,,,,,,,,,,,,,,,,,,,,,
2021-08-28T02:30:00,2459454.604,-25.011,-19.857,0.102,5.155,2.798,0.011,2.809,10.602,0.104,-0.002,1.883,0.926,1.883,0.915,,,,,,,,,,,,,,,,,,,,,,,,,,,,,,,,,,,,,,,,,,,,,,,,,,,,,,,,,,,,,,,,,,,,,,,,,,,,,,,,,,,,,,,,,,,,,,,,,,,,,,,,,
2021-08-28T02:45:00,2459454.615,-27.366,-22.167,0.098,5.2,2.783,0.011,2.793,10.588,0.1,-0.002,1.862,0.932,1.862,0.921,,,,,,,,,,,,,,,,,,,,,,,,,,,,,,,,,,,,,,,,,,,,,,,,,,,,,,,,,,,,,,,,,,,,,,,,,,,,,,,,,,,,,,,,,,,,,,,,,,,,,,,,,
2021-08-28T03:00:00,2459454.625,-29.163,-23.873,0.096,5.29,2.787,0.011,2.798,10.545,0.098,-0.002,1.905,0.893,1.905,0.882,,,,,,,,,,,,,,,,,,,,,,,,,,,,,,,,,,,,,,,,,,,,,,,,,,,,,,,,,,,,,,,,,,,,,,,,,,,,,,,,,,,,,,,,,,,,,,,,,,,,,,,,,
2021-08-28T03:15:00,2459454.635,-29.207,-23.781,0.095,5.425,2.806,0.011,2.817,10.533,0.097,-0.002,1.9,0.917,1.9,0.906,,,,,,,,,,,,,,,,,,,,,,,,,,,,,,,,,,,,,,,,,,,,,,,,,,,,,,,,,,,,,,,,,,,,,,,,,,,,,,,,,,,,,,,,,,,,,,,,,,,,,,,,,
2021-08-28T03:30:00,2459454.646,-28.618,-23.17,0.096,5.448,2.807,0.011,2.817,10.526,0.099,-0.003,1.898,0.919,1.898,0.909,,,,,,,,,,,,,,,,,,,,,,,,,,,,,,,,,,,,,,,,,,,,,,,,,,,,,,,,,,,,,,,,,,,,,,,,,,,,,,,,,,,,,,,,,,,,,,,,,,,,,,,,,
2021-08-28T03:45:00,2459454.656,-30.293,-25.095,0.099,5.198,2.827,0.011,2.838,10.511,0.102,-0.003,1.944,0.894,1.944,0.883,,,,,,,,,,,,,,,,,,,,,,,,,,,,,,,,,,,,,,,,,,,,,,,,,,,,,,,,,,,,,,,,,,,,,,,,,,,,,,,,,,,,,,,,,,,,,,,,,,,,,,,,,
2021-08-28T04:00:00,2459454.667,-30.418,-24.901,0.089,5.517,2.823,0.011,2.834,10.518,0.092,-0.003,1.937,0.897,1.937,0.886,,,,,,,,,,,,,,,,,,,,,,,,,,,,,,,,,,,,,,,,,,,,,,,,,,,,,,,,,,,,,,,,,,,,,,,,,,,,,,,,,,,,,,,,,,,,,,,,,,,,,,,,,
2021-08-28T04:15:00,2459454.677,-30.622,-25.095,0.093,5.527,2.827,0.011,2.838,10.528,0.096,-0.004,1.929,0.909,1.929,0.898,,,,,,,,,,,,,,,,,,,,,,,,,,,,,,,,,,,,,,,,,,,,,,,,,,,,,,,,,,,,,,,,,,,,,,,,,,,,,,,,,,,,,,,,,,,,,,,,,,,,,,,,,
2021-08-28T04:30:00,2459454.688,-30.716,-25.155,0.092,5.561,2.829,0.011,2.84,10.525,0.096,-0.004,1.897,0.943,1.897,0.932,,,,,,,,,,,,,,,,,,,,,,,,,,,,,,,,,,,,,,,,,,,,,,,,,,,,,,,,,,,,,,,,,,,,,,,,,,,,,,,,,,,,,,,,,,,,,,,,,,,,,,,,,
2021-08-28T04:45:00,2459454.698,-32.152,-26.36,0.092,5.792,2.844,0.011,2.856,10.654,0.097,-0.004,1.931,0.925,1.931,0.913,,,,,,,,,,,,,,,,,,,,,,,,,,,,,,,,,,,,,,,,,,,,,,,,,,,,,,,,,,,,,,,,,,,,,,,,,,,,,,,,,,,,,,,,,,,,,,,,,,,,,,,,,
2021-08-28T05:00:00,2459454.708,-32.956,-27.203,0.09,5.753,2.854,0.011,2.865,10.613,0.095,-0.004,1.948,0.917,1.948,0.905,,,,,,,,,,,,,,,,,,,,,,,,,,,,,,,,,,,,,,,,,,,,,,,,,,,,,,,,,,,,,,,,,,,,,,,,,,,,,,,,,,,,,,,,,,,,,,,,,,,,,,,,,
2021-08-28T05:15:00,2459454.719,-32.118,-26.383,0.091,5.736,2.838,0.011,2.85,10.485,0.096,-0.005,1.929,0.921,1.929,0.909,,,,,,,,,,,,,,,,,,,,,,,,,,,,,,,,,,,,,,,,,,,,,,,,,,,,,,,,,,,,,,,,,,,,,,,,,,,,,,,,,,,,,,,,,,,,,,,,,,,,,,,,,
2021-08-28T05:30:00,2459454.729,-32.134,-26.37,0.083,5.765,2.832,0.011,2.843,10.421,0.088,-0.005,1.939,0.904,1.939,0.893,,,,,,,,,,,,,,,,,,,,,,,,,,,,,,,,,,,,,,,,,,,,,,,,,,,,,,,,,,,,,,,,,,,,,,,,,,,,,,,,,,,,,,,,,,,,,,,,,,,,,,,,,
2021-08-28T06:45:00,2459454.781,-31.009,-25.187,0.066,5.822,2.839,0.011,2.851,10.329,0.073,-0.007,1.943,0.907,1.943,0.896,,,,,,,,,,,,,,,,,,,,,,,,,,,,,,,,,,,,,,,,,,,,,,,,,,,,,,,,,,,,,,,,,,,,,,,,,,,,,,,,,,,,,,,,,,,,,,,,,,,,,,,,,
2021-08-28T06:45:00,2459454.781,-31.009,-25.187,0.066,5.822,2.839,0.011,2.851,10.329,0.073,-0.007,1.943,0.907,1.943,0.896,,,,,,,,,,,,,,,,,,,,,,,,,,,,,,,,,,,,,,,,,,,,,,,,,,,,,,,,,,,,,,,,,,,,,,,,,,,,,,,,,,,,,,,,,,,,,,,,,,,,,,,,,
2021-08-28T07:00:00,2459454.792,-30.313,-24.519,0.063,5.794,2.849,0.011,2.86,10.34,0.07,-0.007,1.944,0.916,1.944,0.905,,,,,,,,,,,,,,,,,,,,,,,,,,,,,,,,,,,,,,,,,,,,,,,,,,,,,,,,,date_obs,date_jd,v_quiet,v_disc,v_phot,v_conv,f_bright,f_spot,f,Bobs,vphot_bright,vphot_spot,f_small,f_large,f_network,f_plage,f_nonconv,quiet_flux,ar_flux,conv_flux,pol_flux,pol_conv_flux,vconv_quiet,vconv_large,vconv_small,,,,,,,,,,,,,,,,,,,,,,,,
2021-08-28T08:00:00,2459454.833,-29.364,-23.572,0.053,5.792,2.86,0.012,2.872,10.313,0.061,-0.008,1.938,0.934,1.938,0.923,,,,,,,,,,,,,,,,,,,,,,,,,,,,,,,,,,,,,,,,,,,,,,,,,,,,,,,,,,,,,,,,,,,,,,,,,,,,,,,,,,,,,,,,,,,,,,,,,,,,,,,,,
2021-08-28T09:00:00,2459454.875,-29.295,-23.722,0.038,5.573,2.865,0.013,2.878,10.353,0.047,-0.01,1.949,0.928,1.949,0.916,,,,,,,,,,,,,,,,,,,,,,,,,,,,,,,,,,,,,,,,,,,,,,,,,,,,,,,,,,,,,,,,,,,,,,,,,,,,,,,,,,,,,,,,,,,,,,,,,,,,,,,,,
2021-08-28T10:00:00,2459454.917,-26.53,-21.217,0.024,5.314,2.867,0.012,2.879,10.393,0.035,-0.011,1.952,0.927,1.952,0.915,,,,,,,,,,,,,,,,,,,,,,,,,,,,,,,,,,,,,,,,,,,,,,,,,,,,,,,,,,,,,,,,,,,,,,,,,,,,,,,,,,,,,,,,,,,,,,,,,,,,,,,,,
2021-08-28T11:00:00,2459454.958,-25.368,-20.198,0.007,5.17,2.875,0.012,2.887,10.506,0.019,-0.012,1.973,0.914,1.973,0.902,,,,,,,,,,,,,,,,,,,,,,,,,,,,,,,,,,,,,,,,,,,,,,,,,,,,,,,,,,,,,,,,,,,,,,,,,,,,,,,,,,,,,,,,,,,,,,,,,,,,,,,,,
2021-08-28T12:00:00,2459455,-24.296,-19.005,0.001,5.291,2.879,0.012,2.891,10.605,0.016,-0.015,1.963,0.928,1.963,0.916,,,,,,,,,,,,,,,,,,,,,,,,,,,,,,,,,,,,,,,,,,,,,,,,,,,,,,,,,,,,,,,,,,,,,,,,,,,,,,,,,,,,,,,,,,,,,,,,,,,,,,,,,
2021-08-28T13:00:00,2459455.042,-23.841,-18.587,-0.007,5.255,2.894,0.012,2.905,10.682,0.009,-0.016,1.957,0.948,1.957,0.936,,,,,,,,,,,,,,,,,,,,,,,,,,,,,,,,,,,,,,,,,,,,,,,,,,,,,,,,,,,,,,,,,,,,,,,,,,,,,,,,,,,,,,,,,,,,,,,,,,,,,,,,,
2021-08-28T14:00:00,2459455.083,-22.986,-17.775,-0.008,5.211,2.895,0.012,2.907,10.77,0.01,-0.018,1.986,0.921,1.986,0.909,,,,,,,,,,,,,,,,,,,,,,,,,,,,,,,,,,,,,,,,,,,,,,,,,,,,,,,,,,,,,,,,,,,,,,,,,,,,,,,,,,,,,,,,,,,,,,,,,,,,,,,,,
2021-08-28T15:00:00,2459455.125,-26.728,-21.494,-0.007,5.234,2.896,0.012,2.908,10.738,0.012,-0.018,2.002,0.907,2.002,0.895,,,,,,,,,,,,,,,,,,,,,,,,,,,,,,,,,,,,,,,,,,,,,,,,,,,,,,,,,,,,,,,,,,,,,,,,,,,,,,,,,,,,,,,,,,,,,,,,,,,,,,,,,
2021-08-28T16:00:00,2459455.167,-26.929,-21.696,-0.009,5.233,2.863,0.012,2.875,10.518,0.011,-0.02,1.961,0.914,1.961,0.902,,,,,,,,,,,,,,,,,,,,,,,,,,,,,,,,,,,,,,,,,,,,,,,,,,,,,,,,,,,,,,,,,,,,,,,,,,,,,,,,,,,,,,,,,,,,,,,,,,,,,,,,,
2021-08-28T17:00:00,2459455.208,-27.018,-21.562,-0.001,5.456,2.824,0.012,2.836,10.306,0.019,-0.02,1.941,0.895,1.941,0.883,,,,,,,,,,,,,,,,,,,,,,,,,,,,,,,,,,,,,,,,,,,,,,,,,,,,,,,,,,,,,,,,,,,,,,,,,,,,,,,,,,,,,,,,,,,,,,,,,,,,,,,,,
2021-08-28T18:00:00,2459455.25,-28.376,-22.826,0.008,5.55,2.876,0.011,2.887,10.985,0.028,-0.02,1.985,0.902,1.985,0.891,,,,,,,,,,,,,,,,,,,,,,,,,,,,,,,,,,,,,,,,,,,,,,,,,,,,,,,,,,,,,,,,,,,,,,,,,,,,,,,,,,,,,,,,,,,,,,,,,,,,,,,,,
2021-08-28T19:00:00,2459455.292,-27.411,-21.842,0.005,5.569,2.801,0.011,2.812,10.233,0.026,-0.021,1.914,0.898,1.914,0.887,,,,,,,,,,,,,,,,,,,,,,,,,,,,,,,,,,,,,,,,,,,,,,,,,,,,,,,,,,,,,,,,,,,,,,,,,,,,,,,,,,,,,,,,,,,,,,,,,,,,,,,,,
2021-08-28T20:00:00,2459455.333,-27.475,-22.038,0.01,5.436,2.779,0.011,2.79,10.264,0.031,-0.021,1.889,0.901,1.889,0.89,,,,,,,,,,,,,,,,,,,,,,,,,,,,,,,,,,,,,,,,,,,,,,,,,,,,,,,,,,,,,,,,,,,,,,,,,,,,,,,,,,,,,,,,,,,,,,,,,,,,,,,,,
2021-08-28T21:00:00,2459455.375,-30.066,-24.66,0.006,5.405,2.754,0.011,2.765,10.325,0.028,-0.022,1.878,0.887,1.878,0.876,,,,,,,,,,,,,,,,,,,,,,,,,,,,,,,,,,,,,,,,,,,,,,,,,,,,,,,,,,,,,,,,,,,,,,,,,,,,,,,,,,,,,,,,,,,,,,,,,,,,,,,,,
2021-08-28T22:00:00,2459455.417,-26.427,-21.414,0.003,5.012,2.743,0.01,2.753,10.394,0.026,-0.022,1.841,0.912,1.841,0.902,,,,,,,,,,,,,,,,,,,,,,,,,,,,,,,,,,,,,,,,,,,,,,,,,,,,,,,,,,,,,,,,,,,,,,,,,,,,,,,,,,,,,,,,,,,,,,,,,,,,,,,,,
2021-08-28T23:00:00,2459455.458,-23.572,-18.796,0.004,4.776,2.715,0.01,2.725,10.445,0.027,-0.022,1.814,0.911,1.814,0.902,,,,,,,,,,,,,,,,,,,,,,,,,,,,,,,,,,,,,,,,,,,,,,,,,,,,,,,,,,,,,,,,,,,,,,,,,,,,,,,,,,,,,,,,,,,,,,,,,,,,,,,,,
2021-08-29T00:00:00,2459455.5,-23.026,-18.341,0.002,4.685,2.726,0.009,2.735,10.506,0.024,-0.022,1.852,0.883,1.852,0.874,,,,,,,,,,,,,,,,,,,,,,,,,,,,,,,,,,,,,,,,,,,,,,,,,,,,,,,,,,,,,,,,,,,,,,,,,,,,,,,,,,,,,,,,,,,,,,,,,,,,,,,,,
2021-08-29T01:00:00,2459455.542,-20.167,-15.572,0.002,4.594,2.734,0.009,2.743,10.525,0.025,-0.022,1.828,0.915,1.828,0.906,,,,,,,,,,,,,,,,,,,,,,,,,,,,,,,,,,,,,,,,,,,,,,,,,,,,,,,,,,,,,,,,,,,,,,,,,,,,,,,,,,,,,,,,,,,,,,,,,,,,,,,,,
2021-08-29T02:00:00,2459455.583,-23.726,-19.073,0.004,4.652,2.741,0.009,2.75,10.481,0.028,-0.024,1.835,0.915,1.835,0.906,,,,,,,,,,,,,,,,,,,,,,,,,,,,,,,,,,,,,,,,,,,,,,,,,,,,,,,,,,,,,,,,,,,,,,,,,,,,,,,,,,,,,,,,,,,,,,,,,,,,,,,,,
2021-08-29T03:00:00,2459455.625,-26.438,-21.698,-0.01,4.74,2.756,0.009,2.765,10.409,0.014,-0.024,1.833,0.932,1.833,0.923,,,,,,,,,,,,,,,,,,,,,,,,,,,,,,,,,,,,,,,,,,,,,,,,,,,,,,,,,,,,,,,,,,,,,,,,,,,,,,,,,,,,,,,,,,,,,,,,,,,,,,,,,
2021-08-29T04:00:00,2459455.667,-29.707,-24.562,-0.011,5.145,2.759,0.009,2.769,10.354,0.014,-0.025,1.864,0.905,1.864,0.895,,,,,,,,,,,,,,,,,,,,,,,,,,,,,,,,,,,,,,,,,,,,,,,,,,,,,,,,,,,,,,,,,,,,,,,,,,,,,,,,,,,,,,,,,,,,,,,,,,,,,,,,,
2021-08-29T03:00:00,2459455.625,-26.438,-21.698,-0.01,4.74,2.756,0.009,2.765,10.409,0.014,-0.024,1.833,0.932,1.833,0.923,,,,,,,,,,,,,,,,,,,,,,,,,,,,,,,,,,,,,,,,,,,,,,,,,,,,,,,,,,,,,,,,,,,,,,,,,,,,,,,,,,,,,,,,,,,,,,,,,,,,,,,,,
2021-08-29T04:00:00,2459455.667,-29.707,-24.562,-0.011,5.145,2.759,0.009,2.769,10.354,0.014,-0.025,1.864,0.905,1.864,0.895,,,,,,,,,,,,,,,,,,,,,,,,,,,,,,,,,,,,,,,,,,,,,,,,,,,,,,,,,,,,,,,,,,,,,,,,,,,,,,,,,,,,,,,,,,,,,,,,,,,,,,,,,
2021-08-29T05:00:00,2459455.708,-31.16,-26.01,-0.025,5.151,2.763,0.009,2.772,10.291,0.001,-0.025,1.853,0.918,1.853,0.91,,,,,,,,,,,,,,,,,,,,,,,,,,,,,,,,,,,,,,,,,,,,,,,,,,,,,,,,,,,,,,,,,,,,,,,,,,,,,,,,,,,,,,,,,,,,,,,,,,,,,,,,,
2021-08-29T06:00:00,2459455.75,-29.244,-23.825,-0.029,5.419,2.816,0.008,2.824,10.87,-0.005,-0.025,1.895,0.929,1.895,0.921,,,,,,,,,,,,,,,,,,,,,,,,,,,,,,,,,,,,,,,,,,,,,,,,,,,,,,,,,,,,,,,,,,,,,,,,,,,,,,,,,,,,,,,,,,,,,,,,,,,,,,,,,
2021-08-29T07:00:00,2459455.792,-27.001,-21.579,-0.042,5.422,2.763,0.009,2.772,10.112,-0.016,-0.026,1.86,0.911,1.86,0.903,,,,,,,,,,,,,,,,,,,,,,,,,,,,,,,,,,,,,,,,,,,,,,,,,,,,,,,,,,,,,,,,,,,,,,,,,,,,,,,,,,,,,,,,,,,,,,,,,,,,,,,,,
2021-08-29T08:00:00,2459455.833,-26.11,-20.925,-0.05,5.186,2.77,0.009,2.779,10.117,-0.023,-0.027,1.871,0.908,1.871,0.899,,,,,,,,,,,,,,,,,,,,,,,,,,,,,,,,,,,,,,,,,,,,,,,,,,,,,,,,,,,,,,,,,,,,,,,,,,,,,,,,,,,,,,,,,,,,,,,,,,,,,,,,,
2021-08-29T09:00:00,2459455.875,-26.101,-20.848,-0.066,5.254,2.773,0.009,2.782,10.14,-0.038,-0.028,1.881,0.901,1.881,0.892,,,,,,,,,,,,,,,,,,,,,,,,,,,,,,,,,,,,,,,,,,,,,,,,,,,,,,,,,,,,,,,,,,,,,,,,,,,,,,,,,,,,,,,,,,,,,,,,,,,,,,,,,
2021-08-29T10:00:00,2459455.917,-24.393,-19.345,-0.066,5.048,2.75,0.009,2.76,10.18,-0.036,-0.03,1.867,0.893,1.867,0.883,,,,,,,,,,,,,,,,,,,,,,,,,,,,,,,,,,,,,,,,,,,,,,,,,,,,,,,,,,,,,,,,,,,,,,,,,,,,,,,,,,,,,,,,,,,,,,,,,,,,,,,,,
2021-08-29T11:00:00,2459455.958,-23.969,-18.97,-0.086,4.999,2.755,0.009,2.764,10.267,-0.056,-0.03,1.885,0.879,1.885,0.87,,,,,,,,,,,,,,,,,,,,,,,,,,,,,,,,,,,,,,,,,,,,,,,,,,,,,,,,,,,,,,,,,,,,,,,,,,,,,,,,,,,,,,,,,,,,,,,,,,,,,,,,,
2021-08-29T12:00:00,2459456,-21.559,-16.706,-0.079,4.853,2.758,0.009,2.767,10.378,-0.049,-0.031,1.902,0.864,1.902,0.855,,,,,,,,,,,,,,,,,,,,,,,,,,,,,,,,,,,,,,,,,,,,,,,,,,,,,,,,,,,,,,,,,,,,,,,,,,,,,,,,,,,,,,,,,,,,,,,,,,,,,,,,,
2021-08-29T19:00:00,2459456.292,-26.087,-20.972,-0.05,5.115,2.66,0.009,2.67,9.958,-0.014,-0.036,1.827,0.842,1.827,0.833,,,,,,,,,,,,,,,,,,,,,,,,,,,,,,,,,,,,,,,,,,,,,,,,,,,,,,,,,,,,,,,,,,,,,,,,,,,,,,,,,,,,,,,,,,,,,,,,,,,,,,,,,
2021-08-29T20:00:00,2459456.333,-25.989,-20.981,-0.048,5.008,2.625,0.009,2.634,9.984,-0.012,-0.036,1.882,0.752,1.882,0.743,,,,,,,,,,,,,,,,,,,,,,,,,,,,,,,,,,,,,,,,,,,,,,,,,,,,,,,,,,,,,,,,,,,,,,,,,,,,,,,,,,,,,,,,,,,,,,,,,,,,,,,,,
2021-08-29T21:00:00,2459456.375,-27.087,-22.235,-0.035,4.852,2.62,0.009,2.629,10.072,0.004,-0.038,1.847,0.782,1.847,0.773,,,,,,,,,,,,,,,,,,,,,,,,,,,,,,,,,,,,,,,,,,,,,,,,,,,,,,,,,,,,,,,,,,,,,,,,,,,,,,,,,,,,,,,,,,,,,,,,,,,,,,,,,
2021-08-29T22:00:00,2459456.417,-24.584,-20.058,-0.036,4.526,2.611,0.009,2.621,10.116,0.004,-0.04,1.834,0.786,1.834,0.777,,,,,,,,,,,,,,,,,,,,,,,,,,,,,,,,,,,,,,,,,,,,,,,,,,,,,,,,,,,,,,,,,,,,,,,,,,,,,,,,,,,,,,,,,,,,,,,,,,,,,,,,,
2021-08-29T23:00:00,2459456.458,-22.828,-18.469,-0.032,4.359,2.587,0.01,2.596,10.209,0.011,-0.042,1.821,0.776,1.821,0.766,,,,,,,,,,,,,,,,,,,,,,,,,,,,,,,,,,,,,,,,,,,,,,,,,,,,,,,,,,,,,,,,,,,,,,,,,,,,,,,,,,,,,,,,,,,,,,,,,,,,,,,,,
2021-08-30T00:00:00,2459456.5,-22.363,-17.949,-0.036,4.415,2.573,0.009,2.582,10.242,0.007,-0.043,1.81,0.773,1.81,0.763,,,,,,,,,,,,,,,,,,,,,,,,,,,,,,,,,,,,,,,,,,,,,,,,,,,,,,,,,,,,,,,,,,,,,,,,,,,,,,,,,,,,,,,,,,,,,,,,,,,,,,,,,
2021-08-30T01:00:00,2459456.542,-22.12,-17.823,-0.03,4.296,2.568,0.009,2.577,10.254,0.012,-0.042,1.847,0.73,1.847,0.721,,,,,,,,,,,,,,,,,,,,,,,,,,,,,,,,,,,,,,,,,,,,,,,,,,,,,,,,,,,,,,,,,,,,,,,,,,,,,,,,,,,,,,,,,,,,,,,,,,,,,,,,,
2021-08-30T02:00:00,2459456.583,-22.094,-17.689,-0.03,4.405,2.566,0.009,2.575,10.181,0.013,-0.042,1.838,0.737,1.838,0.728,,,,,,,,,,,,,,,,,,,,,,,,,,,,,,,,,,,,,,,,,,,,,,,,,,,,,,,,,,,,,,,,,,,,,,,,,,,,,,,,,,,,,,,,,,,,,,,,,,,,,,,,,
2021-08-30T03:00:00,2459456.625,-24.449,-19.932,-0.032,4.517,2.561,0.009,2.569,10.093,0.01,-0.042,1.83,0.739,1.83,0.73,,,,,,,,,,,,,,,,,,,,,,,,,,,,,,,,,,,,,,,,,,,,,,,,,,,,,,,,,,,,,,,,,,,,,,,,,,,,,,,,,,,,,,,,,,,,,,,,,,,,,,,,,
2021-08-30T04:00:00,2459456.667,-26.035,-21.398,-0.043,4.636,2.593,0.009,2.602,10.025,0.004,-0.047,1.859,0.743,1.859,0.733,,,,,,,,,,,,,,,,,,,,,,,,,,,,,,,,,,,,,,,,,,,,,,,,,,,,,,,,,,,,,,,,,,,,,,,,,,,,,,,,,,,,,,,,,,,,,,,,,,,,,,,,,
2021-08-30T05:00:00,2459456.708,-26.575,-21.952,-0.036,4.623,2.601,0.009,2.61,9.986,0.011,-0.047,1.863,0.747,1.863,0.738,,,,,,,,,,,,,,,,,,,,,,,,,,,,,,,,,,,,,,,,,,,,,,,,,,,,,,,,,,,,,,,,,,,,,,,,,,,,,,,,,,,,,,,,,,,,,,,,,,,,,,,,,
2021-08-30T06:00:00,2459456.75,-27.042,-22.136,-0.04,4.906,2.647,0.009,2.656,10.535,0.005,-0.045,1.911,0.745,1.911,0.736,,,,,,,,,,,,,,,,,,,,,,,,,,,,,,,,,,,,,,,,,,,,,,,,,,,,,,,,,,,,,,,,,,,,,,,,,,,,,,,,,,,,,,,,,,,,,,,,,,,,,,,,,
2021-08-30T07:00:00,2459456.792,-27.245,-22.413,-0.054,4.832,2.596,0.009,2.606,9.774,-0.007,-0.047,1.875,0.731,1.875,0.721,,,,,,,,,,,,,,,,,,,,,,,,,,,,,,,,,,,,,,,,,,,,,,,,,,,,,,,,,,,,,,,,,,,,,,,,,,,,,,,,,,,,,,,,,,,,,,,,,,,,,,,,,
2021-08-30T08:00:00,2459456.833,-25.108,-20.456,-0.067,4.652,2.605,0.009,2.613,9.762,-0.021,-0.046,1.882,0.731,1.882,0.722,,,,,,,,,,,,,,,,,,,,,,,,,,,,,,,,,,,,,,,,,,,,,,,,,,,,,,,,,,,,,,,,,,,,,,,,,,,,,,,,,,,,,,,,,,,,,,,,,,,,,,,,,
2021-08-30T09:00:00,2459456.875,-23.825,-19.318,-0.072,4.507,2.606,0.009,2.615,9.81,-0.025,-0.047,1.875,0.74,1.875,0.731,,,,,,,,,,,,,,,,,,,,,,,,,,,,,,,,,,,,,,,,,,,,,,,,,,,,,,,,,,,,,,,,,,,,,,,,,,,,,,,,,,,,,,,,,,,,,,,,,,,,,,,,,
2021-08-30T10:00:00,2459456.917,-23.922,-19.529,-0.088,4.392,2.614,0.009,2.623,9.877,-0.042,-0.046,1.886,0.737,1.886,0.728,,,,,,,,,,,,,,,,,,,,,,,,,,,,,,,,,,,,,,,,,,,,,,,,,,,,,,,,,,,,,,,,,,,,,,,,,,,,,,,,,,,,,,,,,,,,,,,,,,,,,,,,,
2021-08-30T11:00:00,2459456.958,-19.543,-15.451,-0.088,4.091,2.598,0.009,2.608,9.937,-0.039,-0.05,1.877,0.731,1.877,0.721,,,,,,,,,,,,,,,,,,,,,,,,,,,,,,,,,,,,,,,,,,,,,,,,,,,,,,,,,,,,,,,,,,,,,,,,,,,,,,,,,,,,,,,,,,,,,,,,,,,,,,,,,
2021-08-30T12:00:00,2459457,-20.425,-16.173,-0.099,4.252,2.607,0.01,2.616,9.995,-0.048,-0.051,1.913,0.704,1.913,0.694,,,,,,,,,,,,,,,,,,,,,,,,,,,,,,,,,,,,,,,,,,,,,,,,,,,,,,,,,,,,,,,,,,,,,,,,,,,,,,,,,,,,,,,,,,,,,,,,,,,,,,,,,
2021-08-30T13:00:00,2459457.042,-18.84,-14.806,-0.095,4.034,2.597,0.01,2.607,10.038,-0.04,-0.055,1.907,0.701,1.907,0.691,,,,,,,,,,,,,,,,,,,,,,,,,,,,,,,,,,,,,,,,,,,,,,,,,,,,,,,,,,,,,,,,,,,,,,,,,,,,,,,,,,,,,,,,,,,,,,,,,,,,,,,,,
2021-08-30T14:00:00,2459457.083,-19.418,-15.265,-0.09,4.153,2.612,0.01,2.622,10.062,-0.036,-0.054,1.91,0.711,1.91,0.702,,,,,,,,,,,,,,,,,,,,,,,,,,,,,,,,,,,,,,,,,,,,,,,,,,,,,,,,,,,,,,,,,,,,,,,,,,,,,,,,,,,,,,,,,,,,,,,,,,,,,,,,,
2021-08-30T15:00:00,2459457.125,-22.209,-18.017,-0.084,4.192,2.612,0.01,2.622,9.992,-0.028,-0.055,1.915,0.707,1.915,0.697,,,,,,,,,,,,,,,,,,,,,,,,,,,,,,,,,,,,,,,,,,,,,,,,,,,,,,,,,,,,,,,,,,,,,,,,,,,,,,,,,,,,,,,,,,,,,,,,,,,,,,,,,
2021-08-30T16:00:00,2459457.167,-23.088,-18.803,-0.08,4.285,2.597,0.01,2.607,9.858,-0.022,-0.057,1.904,0.703,1.904,0.693,,,,,,,,,,,,,,,,,,,,,,,,,,,,,,,,,,,,,,,,,,,,,,,,,,,,,,,,,,,,,,,,,,,,,,,,,,,,,,,,,,,,,,,,,,,,,,,,,,,,,,,,,
2021-08-30T17:00:00,2459457.208,-22.566,-18.273,-0.071,4.292,2.579,0.01,2.589,9.73,-0.016,-0.055,1.892,0.696,1.892,0.687,,,,,,,,,,,,,,,,,,,,,,,,,,,,,,,,,,,,,,,,,,,,,,,,,,,,,,,,,,,,,,,,,,,,,,,,,,,,,,,,,,,,,,,,,,,,,,,,,,,,,,,,,
2021-08-30T18:00:00,2459457.25,-24.205,-19.912,-0.052,4.293,2.616,0.01,2.626,10.432,0.005,-0.056,1.914,0.712,1.914,0.703,,,,,,,,,,,,,,,,,,,,,,,,,,,,,,,,,,,,,,,,,,,,,,,,,,,,,,,,,,,,,,,,,,,,,,,,,,,,,,,,,,,,,,,,,,,,,,,,,,,,,,,,,
2021-08-30T19:00:00,2459457.292,-22.947,-18.573,-0.044,4.373,2.546,0.009,2.556,9.674,0.011,-0.056,1.854,0.702,1.854,0.692,,,,,,,,,,,,,,,,,,,,,,,,,,,,,,,,,,,,,,,,,,,,,,,,,,,,,,,,,,,,,,,,,,,,,,,,,,,,,,,,,,,,,,,,,,,,,,,,,,,,,,,,,
2021-08-30T20:00:00,2459457.333,-26.229,-21.7,-0.039,4.529,2.536,0.009,2.545,9.707,0.015,-0.053,1.857,0.688,1.857,0.679,,,,,,,,,,,,,,,,,,,,,,,,,,,,,,,,,,,,,,,,,,,,,,,,,,,,,,,,,,,,,,,,,,,,,,,,,,,,,,,,,,,,,,,,,,,,,,,,,,,,,,,,,
2021-08-30T21:00:00,2459457.375,-25.671,-21.404,-0.023,4.267,2.515,0.008,2.523,9.792,0.028,-0.051,1.858,0.666,1.858,0.657,,,,,,,,,,,,,,,,,,,,,,,,,,,,,,,,,,,,,,,,,,,,,,,,,,,,,,,,,,,,,,,,,,,,,,,,,,,,,,,,,,,,,,,,,,,,,,,,,,,,,,,,,
2021-08-30T22:00:00,2459457.417,-23.087,-19.086,-0.022,4.001,2.506,0.008,2.514,9.858,0.026,-0.048,1.845,0.669,1.845,0.661,,,,,,,,,,,,,,,,,,,,,,,,,,,,,,,,,,,,,,,,,,,,,,,,,,,,,,,,,,,,,,,,,,,,,,,,,,,,,,,,,,,,,,,,,,,,,,,,,,,,,,,,,
2021-08-30T23:00:00,2459457.458,-22.372,-18.404,-0.022,3.968,2.493,0.008,2.501,9.919,0.027,-0.049,1.82,0.681,1.82,0.673,,,,,,,,,,,,,,,,,,,,,,,,,,,,,,,,,,,,,,,,,,,,,,,,,,,,,,,,,,,,,,,,,,,,,,,,,,,,,,,,,,,,,,,,,,,,,,,,,,,,,,,,,
2021-08-31T00:00:00,2459457.5,-20.101,-16.324,-0.012,3.777,2.49,0.008,2.498,9.965,0.037,-0.049,1.829,0.669,1.829,0.662,,,,,,,,,,,,,,,,,,,,,,,,,,,,,,,,,,,,,,,,,,,,,,,,,,,,,,,,,,,,,,,,,,,,,,,,,,,,,,,,,,,,,,,,,,,,,,,,,,,,,,,,,
2021-08-31T01:00:00,2459457.542,-19.85,-15.946,-0.006,3.904,2.485,0.008,2.493,10.007,0.042,-0.049,1.83,0.662,1.83,0.654,,,,,,,,,,,,,,,,,,,,,,,,,,,,,,,,,,,,,,,,,,,,,,,,,,,,,,,,,,,,,,,,,,,,,,,,,,,,,,,,,,,,,,,,,,,,,,,,,,,,,,,,,
2021-08-31T02:00:00,2459457.583,-21.25,-17.336,0.001,3.914,2.497,0.008,2.505,9.927,0.049,-0.048,1.857,0.648,1.857,0.64,,,,,,,,,,,,,,,,,,,,,,,,,,,,,,,,,,,,,,,,,,,,,,,,,,,,,,,,,,,,,,,,,,,,,,,,,,,,,,,,,,,,,,,,,,,,,,,,,,,,,,,,,
2021-08-31T03:00:00,2459457.625,-24.758,-20.845,-0.004,3.913,2.504,0.007,2.511,9.874,0.041,-0.045,1.857,0.654,1.857,0.647,,,,,,,,,,,,,,,,,,,,,,,,,,,,,,,,,,,,,,,,,,,,,,,,,,,,,,,,,,,,,,,,,,,,,,,,,,,,,,,,,,,,,,,,,,,,,,,,,,,,,,,,,
2021-08-31T04:00:00,2459457.667,-27.648,-23.73,0.005,3.918,2.514,0.007,2.521,9.801,0.048,-0.043,1.903,0.618,1.903,0.611,,,,,,,,,,,,,,,,,,,,,,,,,,,,,,,,,,,,,,,,,,,,,,,,,,,,,,,,,,,,,,,,,,,,,,,,,,,,,,,,,,,,,,,,,,,,,,,,,,,,,,,,,
2021-08-31T05:00:00,2459457.708,-28.076,-23.795,0.011,4.281,2.542,0.006,2.548,9.706,0.049,-0.038,1.926,0.622,1.926,0.616,,,,,,,,,,,,,,,,,,,,,,,,,,,,,,,,,,,,,,,,,,,,,,,,,,,,,,,,,,,,,,,,,,,,,,,,,,,,,,,,,,,,,,,,,,,,,,,,,,,,,,,,,
2021-08-31T06:00:00,2459457.75,-27.858,-23.724,0.011,4.134,2.559,0.006,2.565,10.242,0.052,-0.04,1.949,0.616,1.949,0.61,,,,,,,,,,,,,,,,,,,,,,,,,,,,,,,,,,,,,,,,,,,,,,,,,,,,,,,,,,,,,,,,,,,,,,,,,,,,,,,,,,,,,,,,,,,,,,,,,,,,,,,,,
2021-08-31T07:00:00,2459457.792,-23.634,-19.627,0.005,4.007,2.496,0.006,2.502,9.505,0.042,-0.038,1.893,0.609,1.893,0.603,,,,,,,,,,,,,,,,,,,,,,,,,,,,,,,,,,,,,,,,,,,,,,,,,,,,,,,,,,,,,,,,,,,,,,,,,,,,,,,,,,,,,,,,,,,,,,,,,,,,,,,,,
2021-08-31T08:00:00,2459457.833,-23.539,-19.493,-0.004,4.045,2.487,0.006,2.493,9.469,0.035,-0.038,1.907,0.585,1.907,0.579,,,,,,,,,,,,,,,,,,,,,,,,,,,,,,,,,,,,,,,,,,,,,,,,,,,,,,,,,,,,,,,,,,,,,,,,,,,,,,,,,,,,,,,,,,,,,,,,,,,,,,,,,
2021-08-31T09:00:00,2459457.875,-24.435,-20.604,-0.012,3.831,2.478,0.006,2.484,9.509,0.027,-0.039,1.898,0.586,1.898,0.58,,,,,,,,,,,,,,,,,,,,,,,,,,,,,,,,,,,,,,,,,,,,,,,,,,,,,,,,,,,,,,,,,,,,,,,,,,,,,,,,,,,,,,,,,,,,,,,,,,,,,,,,,
2021-08-31T10:00:00,2459457.917,-22.476,-18.866,-0.017,3.61,2.477,0.006,2.483,9.56,0.02,-0.037,1.878,0.605,1.878,0.6,,,,,,,,,,,,,,,,,,,,,,,,,,,,,,,,,,,,,,,,,,,,,,,,,,,,,,,,,,,,,,,,,,,,,,,,,,,,,,,,,,,,,,,,,,,,,,,,,,,,,,,,,
2021-08-31T11:00:00,2459457.958,-21.64,-18.045,-0.013,3.595,2.485,0.005,2.49,9.649,0.022,-0.035,1.889,0.601,1.889,0.596,,,,,,,,,,,,,,,,,,,,,,,,,,,,,,,,,,,,,,,,,,,,,,,,,,,,,,,,,,,,,,,,,,,,,,,,,,,,,,,,,,,,,,,,,,,,,,,,,,,,,,,,,
2021-08-31T12:00:00,2459458,-19.745,-16.166,-0.023,3.58,2.501,0.005,2.506,9.72,0.012,-0.035,1.917,0.589,1.917,0.584,,,,,,,,,,,,,,,,,,,,,,,,,,,,,,,,,,,,,,,,,,,,,,,,,,,,,,,,,,,,,,,,,,,,,,,,,,,,,,,,,,,,,,,,,,,,,,,,,,,,,,,,,
2021-08-31T13:00:00,2459458.042,-20.795,-17.331,-0.015,3.464,2.493,0.005,2.498,9.749,0.018,-0.033,1.895,0.603,1.895,0.598,,,,,,,,,,,,,,,,,,,,,,,,,,,,,,,,,,,,,,,,,,,,,,,,,,,,,,,,,,,,,,,,,,,,,,,,,,,,,,,,,,,,,,,,,,,,,,,,,,,,,,,,,
2021-08-31T14:00:00,2459458.083,-19.262,-15.737,-0.007,3.525,2.479,0.005,2.483,9.74,0.024,-0.031,1.908,0.575,1.908,0.571,,,,,,,,,,,,,,,,,,,,,,,,,,,,,,,,,,,,,,,,,,,,,,,,,,,,,,,,,,,,,,,,,,,,,,,,,,,,,,,,,,,,,,,,,,,,,,,,,,,,,,,,,
2021-08-31T15:00:00,2459458.125,-21.126,-17.528,0.012,3.598,2.488,0.004,2.492,9.652,0.041,-0.029,1.923,0.568,1.923,0.564,,,,,,,,,,,,,,,,,,,,,,,,,,,,,,,,,,,,,,,,,,,,,,,,,,,,,,,,,,,,,,,,,,,,,,,,,,,,,,,,,,,,,,,,,,,,,,,,,,,,,,,,,
2021-08-31T16:00:00,2459458.167,-22.985,-19.335,0.029,3.65,2.474,0.004,2.478,9.515,0.056,-0.027,1.918,0.559,1.918,0.555,,,,,,,,,,,,,,,,,,,,,,,,,,,,,,,,,,,,,,,,,,,,,,,,,,,,,,,,,,,,,,,,,,,,,,,,,,,,,,,,,,,,,,,,,,,,,,,,,,,,,,,,,
2021-08-31T17:00:00,2459458.208,-22.163,-18.355,0.052,3.807,2.449,0.004,2.453,9.407,0.076,-0.024,1.902,0.551,1.902,0.547,,,,,,,,,,,,,,,,,,,,,,,,,,,,,,,,,,,,,,,,,,,,,,,,,,,,,,,,,,,,,,,,,,,,,,,,,,,,,,,,,,,,,,,,,,,,,,,,,,,,,,,,,
2021-08-31T18:00:00,2459458.25,-25.018,-21.088,0.062,3.93,2.473,0.004,2.477,10.107,0.088,-0.026,1.9,0.577,1.9,0.573,,,,,,,,,,,,,,,,,,,,,,,,,,,,,,,,,,,,,,,,,,,,,,,,,,,,,,,,,,,,,,,,,,,,,,,,,,,,,,,,,,,,,,,,,,,,,,,,,,,,,,,,,
2021-08-31T19:00:00,2459458.292,-26.524,-22.722,0.075,3.802,2.403,0.004,2.407,9.337,0.1,-0.025,1.863,0.544,1.863,0.54,,,,,,,,,,,,,,,,,,,,,,,,,,,,,,,,,,,,,,,,,,,,,,,,,,,,,,,,,,,,,,,,,,,,,,,,,,,,,,,,,,,,,,,,,,,,,,,,,,,,,,,,,
2021-08-31T20:00:00,2459458.333,-25.73,-21.941,0.088,3.789,2.384,0.004,2.388,9.377,0.112,-0.024,1.837,0.55,1.837,0.547,,,,,,,,,,,,,,,,,,,,,,,,,,,,,,,,,,,,,,,,,,,,,,,,,,,,,,,,,,,,,,,,,,,,,,,,,,,,,,,,,,,,,,,,,,,,,,,,,,,,,,,,,
2021-08-31T21:00:00,2459458.375,-26.486,-22.897,0.106,3.589,2.342,0.003,2.345,9.451,0.129,-0.024,1.815,0.53,1.815,0.527,,,,,,,,,,,,,,,,,,,,,,,,,,,,,,,,,,,,,,,,,,,,,,,,,,,,,,,,,,,,,,,,,,,,,,,,,,,,,,,,,,,,,,,,,,,,,,,,,,,,,,,,,
2021-08-31T22:00:00,2459458.417,-24.71,-21.11,0.106,3.6,2.315,0.003,2.318,9.5,0.129,-0.023,1.798,0.521,1.798,0.517,,,,,,,,,,,,,,,,,,,,,,,,,,,,,,,,,,,,,,,,,,,,,,,,,,,,,,,,,,,,,,,,,,,,,,,,,,,,,,,,,,,,,,,,,,,,,,,,,,,,,,,,,
2021-08-31T23:00:00,2459458.458,-22.223,-18.777,0.118,3.447,2.3,0.003,2.303,9.559,0.139,-0.021,1.795,0.509,1.795,0.506,,,,,,,,,,,,,,,,,,,,,,,,,,,,,,,,,,,,,,,,,,,,,,,,,,,,,,,,,,,,,,,,,,,,,,,,,,,,,,,,,,,,,,,,,,,,,,,,,,,,,,,,,
2021-09-01T00:00:00,2459458.5,-19.251,-15.872,0.125,3.379,2.265,0.003,2.268,9.584,0.146,-0.021,1.772,0.496,1.772,0.493,,,,,,,,,,,,,,,,,,,,,,,,,,,,,,,,,,,,,,,,,,,,,,,,,,,,,,,,,,,,,,,,,,,,,,,,,,,,,,,,,,,,,,,,,,,,,,,,,,,,,,,,,
2021-09-01T01:00:00,2459458.542,-19.677,-16.393,0.136,3.284,2.262,0.003,2.265,9.613,0.156,-0.021,1.767,0.498,1.767,0.495,,,,,,,,,,,,,,,,,,,,,,,,,,,,,,,,,,,,,,,,,,,,,,,,,,,,,,,,,,,,,,,,,,,,,,,,,,,,,,,,,,,,,,,,,,,,,,,,,,,,,,,,,
2021-09-01T02:00:00,2459458.583,-20.931,-17.676,0.128,3.255,2.251,0.003,2.254,9.539,0.149,-0.02,1.775,0.479,1.775,0.476,,,,,,,,,,,,,,,,,,,,,,,,,,,,,,,,,,,,,,,,,,,,,,,,,,,,,,,,,,,,,,,,,,,,,,,,,,,,,,,,,,,,,,,,,,,,,,,,,,,,,,,,,
2021-09-01T03:00:00,2459458.625,-23.95,-20.549,0.139,3.402,2.255,0.003,2.258,9.471,0.157,-0.018,1.777,0.481,1.777,0.478,,,,,,,,,,,,,,,,,,,,,,,,,,,,,,,,,,,,,,,,,,,,,,,,,,,,,,,,,,,,,,,,,,,,,,,,,,,,,,,,,,,,,,,,,,,,,,,,,,,,,,,,,
2021-09-01T04:00:00,2459458.667,-27.777,-24.25,0.141,3.527,2.266,0.002,2.269,9.379,0.157,-0.016,1.798,0.471,1.798,0.468,,,,,,,,,,,,,,,,,,,,,,,,,,,,,,,,,,,,,,,,,,,,,,,,,,,,,,,,,,,,,,,,,,,,,,,,,,,,,,,,,,,,,,,,,,,,,,,,,,,,,,,,,
2021-09-01T05:00:00,2459458.708,-27.64,-24.047,0.129,3.593,2.277,0.003,2.28,9.286,0.146,-0.017,1.844,0.436,1.844,0.433,,,,,,,,,,,,,,,,,,,,,,,,,,,,,,,,,,,,,,,,,,,,,,,,,,,,,,,,,,,,,,,,,,,,,,,,,,,,,,,,,,,,,,,,,,,,,,,,,,,,,,,,,
2021-09-01T06:00:00,2459458.75,-25.998,-22.338,0.129,3.66,2.317,0.002,2.319,9.846,0.145,-0.015,1.861,0.458,1.861,0.456,,,,,,,,,,,,,,,,,,,,,,,,,,,,,,,,,,,,,,,,,,,,,,,,,,,,,,,,,,,,,,,,,,,,,,,,,,,,,,,,,date_obs,date_jd,v_quiet,v_disc,v_phot,v_conv,f_bright,f_spot,f,Bobs,vphot_bright,vphot_spot,f_small,f_large,f_network,f_plage,f_nonconv,quiet_flux,ar_flux,conv_flux,pol_flux,pol_conv_flux,vconv_quiet,vconv_large,vconv_small
2021-09-01T07:00:00,2459458.792,-25.178,-21.738,0.121,3.44,2.277,0.002,2.279,9.135,0.137,-0.016,1.815,0.464,1.815,0.462,,,,,,,,,,,,,,,,,,,,,,,,,,,,,,,,,,,,,,,,,,,,,,,,,,,,,,,,,,,,,,,,,,,,,,,,,,,,,,,,,,,,,,,,,,,,,,,,,,,,,,,,,
2021-09-01T08:00:00,2459458.833,-23.148,-19.718,0.115,3.43,2.292,0.002,2.294,9.137,0.13,-0.015,1.819,0.475,1.819,0.473,,,,,,,,,,,,,,,,,,,,,,,,,,,,,,,,,,,,,,,,,,,,,,,,,,,,,,,,,,,,,,,,,,,,,,,,,,,,,,,,,,,,,,,,,,,,,,,,,,,,,,,,,
2021-09-01T09:00:00,2459458.875,-28.968,-19.92,0.334,9.048,8.912,0.002,8.914,17.347,0.347,-0.013,8.367,0.547,8.367,0.545,,,,,,,,,,,,,,,,,,,,,,,,,,,,,,,,,,,,,,,,,,,,,,,,,,,,,,,,,,,,,,,,,,,,,,,,,,,,,,,,,,,,,,,,,,,,,,,,,,,,,,,,,
2021-09-01T10:00:00,2459458.917,-21.859,-18.625,0.095,3.234,2.304,0.002,2.306,9.23,0.109,-0.014,1.874,0.432,1.874,0.43,,,,,,,,,,,,,,,,,,,,,,,,,,,,,,,,,,,,,,,,,,,,,,,,,,,,,,,,,,,,,,,,,,,,,,,,,,,,,,,,,,,,,,,,,,,,,,,,,,,,,,,,,
2021-09-01T11:00:00,2459458.958,-22.165,-18.822,0.093,3.343,2.297,0.002,2.299,9.329,0.106,-0.013,1.849,0.449,1.849,0.447,,,,,,,,,,,,,,,,,,,,,,,,,,,,,,,,,,,,,,,,,,,,,,,,,,,,,,,,,,,,,,,,,,,,,,,,,,,,,,,,,,,,,,,,,,,,,,,,,,,,,,,,,
2021-09-01T12:00:00,2459459,-21.29,-18.06,0.083,3.229,2.287,0.002,2.289,9.382,0.095,-0.012,1.817,0.472,1.817,0.47,,,,,,,,,,,,,,,,,,,,,,,,,,,,,,,,,,,,,,,,,,,,,,,,,,,,,,,,,,,,,,,,,,,,,,,,,,,,,,,,,,,,,,,,,,,,,,,,,,,,,,,,,
2021-09-01T13:00:00,2459459.042,-20.36,-17.065,0.086,3.296,2.299,0.002,2.3,9.412,0.097,-0.011,1.847,0.453,1.847,0.451,,,,,,,,,,,,,,,,,,,,,,,,,,,,,,,,,,,,,,,,,,,,,,,,,,,,,,,,,,,,,,,,,,,,,,,,,,,,,,,,,,,,,,,,,,,,,,,,,,,,,,,,,
2021-09-01T14:00:00,2459459.083,-20.818,-17.471,0.087,3.347,2.303,0.002,2.304,9.399,0.099,-0.011,1.843,0.461,1.843,0.459,,,,,,,,,,,,,,,,,,,,,,,,,,,,,,,,,,,,,,,,,,,,,,,,,,,,,,,,,,,,,,,,,,,,,,,,,,,,,,,,,,,,,,,,,,,,,,,,,,,,,,,,,
2021-09-01T15:00:00,2459459.125,-21.452,-18.23,0.087,3.222,2.298,0.002,2.3,9.327,0.098,-0.012,1.841,0.459,1.841,0.457,,,,,,,,,,,,,,,,,,,,,,,,,,,,,,,,,,,,,,,,,,,,,,,,,,,,,,,,,,,,,,,,,,,,,,,,,,,,,,,,,,,,,,,,,,,,,,,,,,,,,,,,,
2021-09-01T16:00:00,2459459.167,-22.149,-18.645,0.102,3.504,2.293,0.002,2.295,9.222,0.113,-0.011,1.858,0.437,1.858,0.435,,,,,,,,,,,,,,,,,,,,,,,,,,,,,,,,,,,,,,,,,,,,,,,,,,,,,,,,,,,,,,,,,,,,,,,,,,,,,,,,,,,,,,,,,,,,,,,,,,,,,,,,,
2021-09-01T17:00:00,2459459.208,-23.423,-19.947,0.114,3.476,2.271,0.002,2.272,9.121,0.122,-0.008,1.825,0.447,1.825,0.446,,,,,,,,,,,,,,,,,,,,,,,,,,,,,,,,,,,,,,,,,,,,,,,,,,,,,,,,,,,,,,,,,,,,,,,,,,,,,,,,,,,,,,,,,,,,,,,,,,,,,,,,,
2021-09-01T18:00:00,2459459.25,-23.883,-20.278,0.116,3.606,2.309,0.001,2.31,9.817,0.124,-0.008,1.873,0.437,1.873,0.436,,,,,,,,,,,,,,,,,,,,,,,,,,,,,,,,,,,,,,,,,,,,,,,,,,,,,,,,,,,,,,,,,,,,,,,,,,,,,,,,,,,,,,,,,,,,,,,,,,,,,,,,,
2021-09-01T19:00:00,2459459.292,-26.211,-22.696,0.123,3.515,2.242,0.001,2.244,9.063,0.129,-0.006,1.822,0.421,1.822,0.42,,,,,,,,,,,,,,,,,,,,,,,,,,,,,,,,,,,,,,,,,,,,,,,,,,,,,,,,,,,,,,,,,,,,,,,,,,,,,,,,,,,,,,,,,,,,,,,,,,,,,,,,,
2021-09-01T20:00:00,2459459.333,-26.028,-22.523,0.143,3.505,2.208,0.001,2.21,9.086,0.147,-0.004,1.783,0.426,1.783,0.425,,,,,,,,,,,,,,,,,,,,,,,,,,,,,,,,,,,,,,,,,,,,,,,,,,,,,,,,,,,,,,,,,,,,,,,,,,,,,,,,,,,,,,,,,,,,,,,,,,,,,,,,,
2021-09-01T21:00:00,2459459.375,-27.445,-24.117,0.159,3.328,2.186,0.001,2.187,9.167,0.159,0,1.761,0.426,1.761,0.425,,,,,,,,,,,,,,,,,,,,,,,,,,,,,,,,,,,,,,,,,,,,,,,,,,,,,,,,,,,,,,,,,,,,,,,,,,,,,,,,,,,,,,,,,,,,,,,,,,,,,,,,,
2021-09-01T22:00:00,2459459.417,-25.466,-22.25,0.165,3.216,2.16,0.001,2.161,9.228,0.163,0.001,1.737,0.424,1.737,0.423,,,,,,,,,,,,,,,,,,,,,,,,,,,,,,,,,,,,,,,,,,,,,,,,,,,,,,,,,,,,,,,,,,,,,,,,,,,,,,,,,,,,,,,,,,,,,,,,,,,,,,,,,
2021-09-01T23:00:00,2459459.458,-22.58,-19.49,0.172,3.09,2.142,0.001,2.143,9.3,0.169,0.003,1.729,0.414,1.729,0.413,,,,,,,,,,,,,,,,,,,,,,,,,,,,,,,,,,,,,,,,,,,,,,,,,,,,,,,,,,,,,,,,,,,,,,,,,,,,,,,,,,,,,,,,,,,,,,,,,,,,,,,,,
2021-09-02T00:00:00,2459459.5,-21.726,-18.799,0.17,2.927,2.132,0.001,2.133,9.363,0.168,0.003,1.707,0.426,1.707,0.425,,,,,,,,,,,,,,,,,,,,,,,,,,,,,,,,,,,,,,,,,,,,,,,,,,,,,,,,,,,,,,,,,,,,,,,,,,,,,,,,,,,,,,,,,,,,,,,,,,,,,,,,,
2021-09-02T01:00:00,2459459.542,-20.538,-17.612,0.171,2.926,2.129,0.001,2.13,9.353,0.168,0.003,1.71,0.42,1.71,0.419,,,,,,,,,,,,,,,,,,,,,,,,,,,,,,,,,,,,,,,,,,,,,,,,,,,,,,,,,,,,,,,,,,,,,,,,,,,,,,,,,,,,,,,,,,,,,,,,,,,,,,,,,
2021-09-02T02:00:00,2459459.583,-22.034,-18.986,0.171,3.048,2.114,0.001,2.115,9.312,0.165,0.006,1.713,0.402,1.713,0.401,,,,,,,,,,,,,,,,,,,,,,,,,,,,,,,,,,,,,,,,,,,,,,,,,,,,,,,,,,,,,,,,,,,,,,,,,,,,,,,,,,,,,,,,,,,,,,,,,,,,,,,,,
2021-09-02T03:00:00,2459459.625,-26.026,-22.825,0.168,3.201,2.113,0.001,2.115,9.239,0.16,0.008,1.73,0.385,1.73,0.384,,,,,,,,,,,,,,,,,,,,,,,,,,,,,,,,,,,,,,,,,,,,,,,,,,,,,,,,,,,,,,,,,,,,,,,,,,,,,,,,,,,,,,,,,,,,,,,,,,,,,,,,,
2021-09-02T04:00:00,2459459.667,-26.278,-23.057,0.164,3.221,2.132,0.001,2.133,9.176,0.156,0.008,1.749,0.384,1.749,0.382,,,,,,,,,,,,,,,,,,,,,,,,,,,,,,,,,,,,,,,,,,,,,,,,,,,,,,,,,,,,,,,,,,,,,,,,,,,,,,,,,,,,,,,,,,,,,,,,,,,,,,,,,
2021-09-02T05:00:00,2459459.708,-27.801,-24.294,0.16,3.508,2.155,0.002,2.157,9.095,0.148,0.012,1.767,0.39,1.767,0.388,,,,,,,,,,,,,,,,,,,,,,,,,,,,,,,,,,,,,,,,,,,,,,,,,,,,,,,,,,,,,,,,,,,,,,,,,,,,,,,,,,,,,,,,,,,,,,,,,,,,,,,,,
2021-09-02T06:00:00,2459459.75,-24.82,-21.156,0.149,3.664,2.207,0.002,2.209,9.677,0.135,0.014,1.815,0.393,1.815,0.391,,,,,,,,,,,,,,,,,,,,,,,,,,,,,,,,,,,,,,,,,,,,,,,,,,,,,,,,,,,,,,,,,,,,,,,,,,,,,,,,,,,,,,,,,,,,,,,,,,,,,,,,,
2021-09-02T07:00:00,2459459.792,-25.184,-21.496,0.143,3.688,2.151,0.002,2.153,8.938,0.129,0.014,1.755,0.397,1.755,0.395,,,,,,,,,,,,,,,,,,,,,,,,,,,,,,,,,,,,,,,,,,,,,,,,,,,,,,,,,,,,,,,,,,,,,,,,,,,,,,,,,,,,,,,,,,,,,,,,,,,,,,,,,
2021-09-02T08:00:00,2459459.833,-24.299,-20.653,0.126,3.646,2.16,0.002,2.162,8.936,0.112,0.014,1.753,0.409,1.753,0.407,,,,,,,,,,,,,,,,,,,,,,,,,,,,,,,,,,,,,,,,,,,,,,,,,,,,,,,,,,,,,,,,,,,,,,,,,,,,,,,,,,,,,,,,,,,,,,,,,,,,,,,,,
2021-09-02T09:00:00,2459459.875,-21.644,-18.022,0.104,3.622,2.182,0.003,2.185,8.986,0.086,0.018,1.782,0.403,1.782,0.401,,,,,,,,,,,,,,,,,,,,,,,,,,,,,,,,,,,,,,,,,,,,,,,,,,,,,,,,,,,,,,,,,,,,,,,,,,,,,,,,,,,,,,,,,,,,,,,,,,,,,,,,,
2021-09-02T10:00:00,2459459.917,-23.964,-20.424,0.097,3.539,2.178,0.002,2.181,9.085,0.08,0.017,1.795,0.386,1.795,0.384,,,,,,,,,,,,,,,,,,,,,,,,,,,,,,,,,,,,,,,,,,,,,,,,,,,,,,,,,,,,,,,,,,,,,,,,,,,,,,,,,,,,,,,,,,,,,,,,,,,,,,,,,
2021-09-02T11:00:00,2459459.958,-20.209,-16.509,0.096,3.7,2.172,0.003,2.174,9.164,0.077,0.019,1.785,0.389,1.785,0.387,,,,,,,,,,,,,,,,,,,,,,,,,,,,,,,,,,,,,,,,,,,,,,,,,,,,,,,,,,,,,,,,,,,,,,,,,,,,,,,,,,,,,,,,,,,,,,,,,,,,,,,,,
2021-09-02T12:00:00,2459460,-20.012,-16.495,0.086,3.516,2.187,0.003,2.19,9.242,0.066,0.02,1.794,0.396,1.794,0.394,,,,,,,,,,,,,,,,,,,,,,,,,,,,,,,,,,,,,,,,,,,,,,,,,,,,,,,,,,,,,,,,,,,,,,,,,,,,,,,,,,,,,,,,,,,,,,,,,,,,,,,,,
2021-09-02T13:00:00,2459460.042,-19.521,-15.935,0.093,3.586,2.174,0.003,2.177,9.288,0.072,0.021,1.79,0.386,1.79,0.383,,,,,,,,,,,,,,,,,,,,,,,,,,,,,,,,,,,,,,,,,,,,,,,,,,,,,,,,,,,,,,,,,,,,,,,,,,,,,,,,,,,,,,,,,,,,,,,,,,,,,,,,,
2021-09-02T14:00:00,2459460.083,-18.697,-15.106,0.098,3.591,2.188,0.003,2.191,9.289,0.077,0.021,1.803,0.387,1.803,0.384,,,,,,,,,,,,,,,,,,,,,,,,,,,,,,,,,,,,,,,,,,,,,,,,,,,,,,,,,,,,,,,,,,,,,,,,,,,,,,,,,,,,,,,,,,,,,,,,,,,,,,,,,
2021-09-02T15:00:00,2459460.125,-22.27,-18.586,0.099,3.684,2.171,0.003,2.174,9.211,0.078,0.021,1.79,0.384,1.79,0.381,,,,,,,,,,,,,,,,,,,,,,,,,,,,,,,,,,,,,,,,,,,,,,,,,,,,,,,,,,,,,,,,,,,,,,,,,,,,,,,,,,,,,,,,,,,,,,,,,,,,,,,,,
2021-09-02T16:00:00,2459460.167,-22.149,-18.412,0.107,3.736,2.163,0.003,2.167,9.096,0.085,0.022,1.783,0.383,1.783,0.38,,,,,,,,,,,,,,,,,,,,,,,,,,,,,,,,,,,,,,,,,,,,,,,,,,,,,,,,,,,,,,,,,,,,,,,,,,,,,,,,,,,,,,,,,,,,,,,,,,,,,,,,,
2021-09-02T17:00:00,2459460.208,-23.031,-19.168,0.116,3.863,2.153,0.003,2.156,8.984,0.094,0.021,1.768,0.388,1.768,0.385,,,,,,,,,,,,,,,,,,,,,,,,,,,,,,,,,,,,,,,,,,,,,,,,,,,,,,,,,,,,,,,,,,,,,,,,,,,,,,,,,,,,,,,,,,,,,,,,,,,,,,,,,
2021-09-02T18:00:00,2459460.25,-22.772,-18.905,0.12,3.867,2.212,0.003,2.215,9.742,0.098,0.021,1.821,0.394,1.821,0.391,,,,,,,,,,,,,,,,,,,,,,,,,,,,,,,,,,,,,,,,,,,,,,,,,,,,,,,,,,,,,,,,,,,,,,,,,,,,,,,,,,,,,,,,,,,,,,,,,,,,,,,,,
2021-09-02T19:00:00,2459460.292,-23.165,-19.262,0.124,3.903,2.14,0.003,2.143,8.939,0.103,0.021,1.761,0.382,1.761,0.379,,,,,,,,,,,,,,,,,,,,,,,,,,,,,,,,,,,,,,,,,,,,,,,,,,,,,,,,,,,,,,,,,,,,,,,,,,,,,,,,,,,,,,,,,,,,,,,,,,,,,,,,,
2021-09-02T20:00:00,2459460.333,-25.009,-21.208,0.132,3.801,2.111,0.003,2.114,8.99,0.112,0.02,1.727,0.388,1.727,0.385,,,,,,,,,,,,,,,,,,,,,,,,,,,,,,,,,,,,,,,,,,,,,,,,,,,,,,,,,,,,,,,,,,,,,,,,,,,,,,,,,,,,,,,,,,,,,,,,,,,,,,,,,
2021-09-02T21:00:00,2459460.375,-25.736,-22.146,0.14,3.59,2.098,0.003,2.101,9.089,0.118,0.021,1.704,0.397,1.704,0.394,,,,,,,,,,,,,,,,,,,,,,,,,,,,,,,,,,,,,,,,,,,,,,,,,,,,,,,,,,,,,,,,,,,,,,,,,,,,,,,,,,,,,,,,,,,,,,,,,,,,,,,,,
2021-09-02T22:00:00,2459460.417,-23.595,-20.175,0.136,3.42,2.086,0.003,2.089,9.171,0.115,0.021,1.697,0.392,1.697,0.389,,,,,,,,,,,,,,,,,,,,,,,,,,,,,,,,,,,,,,,,,,,,,,,,,,,,,,,,,,,,,,,,,,,,,,,,,,,,,,,,,,,,,,,,,,,,,,,,,,,,,,,,,
2021-09-02T23:00:00,2459460.458,-23.73,-20.433,0.145,3.297,2.071,0.003,2.074,9.242,0.124,0.021,1.691,0.383,1.691,0.38,,,,,,,,,,,,,,,,,,,,,,,,,,,,,,,,,,,,,,,,,,,,,,,,,,,,,,,,,,,,,,,,,,,,,,,,,,,,,,,,,,,,,,,,,,,,,,,,,,,,,,,,,