date_obs,date_jd,v_quiet,v_disc,v_phot,v_conv,f_bright,f_spot,f,Bobs,vphot_bright,vphot_dark,Unnamed: 12,Unnamed: 13,Unnamed: 14,Unnamed: 15,Unnamed: 16,Unnamed: 17,Unnamed: 18,Unnamed: 19,Unnamed: 20,Unnamed: 21,Unnamed: 22,Unnamed: 23,Unnamed: 24,Unnamed: 25,Unnamed: 26,Unnamed: 27,Unnamed: 28,Unnamed: 29,Unnamed: 30,Unnamed: 31,Unnamed: 32,Unnamed: 33,Unnamed: 34,Unnamed: 35,Unnamed: 36,Unnamed: 37,Unnamed: 38,Unnamed: 39,Unnamed: 40,Unnamed: 41,Unnamed: 42,Unnamed: 43,Unnamed: 44,Unnamed: 45,Unnamed: 46,Unnamed: 47,Unnamed: 48,Unnamed: 49,Unnamed: 50,Unnamed: 51,Unnamed: 52,Unnamed: 53,Unnamed: 54,Unnamed: 55,Unnamed: 56,Unnamed: 57,Unnamed: 58,Unnamed: 59,Unnamed: 60,Unnamed: 61,Unnamed: 62,Unnamed: 63,Unnamed: 64,Unnamed: 65,Unnamed: 66,Unnamed: 67,Unnamed: 68,Unnamed: 69,Unnamed: 70,Unnamed: 71,Unnamed: 72,Unnamed: 73,Unnamed: 74,Unnamed: 75,Unnamed: 76,Unnamed: 77,Unnamed: 78,Unnamed: 79,Unnamed: 80,Unnamed: 81,Unnamed: 82,Unnamed: 83,Unnamed: 84,rv_model
2021-02-12T11:00:00,2459257.958,-20.361,-16.634,0.025,3.726,1.866,0,1.866,8.518,0.025,0,,,,,,,,,,,,,,,,,,,,,,,,,,,,,,,,,,,,,,,,,,,,,,,,,,,,,,,,,,,,,,,,,,,,,,,,,,106.75435
2021-02-12T11:02:00,2459257.96,-20.997,-17.379,0.023,3.617,1.86,0,1.86,8.554,0.023,0,,,,,,,,,,,,,,,,,,,,,,,,,,,,,,,,,,,,,,,,,,,,,,,,,,,,,,,,,,,,,,,,,,,,,,,,,,106.5478
2021-02-12T11:04:00,2459257.961,-19.246,-15.708,0.028,3.538,1.851,0,1.851,8.524,0.028,0,,,,,,,,,,,,,,,,,,,,,,,,,,,,,,,,,,,,,,,,,,,,,,,,,,,,,,,,,,,,,,,,,,,,,,,,,,106.4139
2021-02-12T11:06:00,2459257.963,-20.95,-17.245,0.029,3.705,1.851,0,1.851,8.525,0.029,0,,,,,,,,,,,,,,,,,,,,,,,,,,,,,,,,,,,,,,,,,,,,,,,,,,,,,,,,,,,,,,,,,,,,,,,,,,106.7253
2021-02-12T11:08:00,2459257.964,-20.043,-16.455,0.026,3.588,1.85,0,1.85,8.529,0.026,0,,,,,,,,,,,,,,,,,,,,,,,,,,,,,,,,,,,,,,,,,,,,,,,,,,,,,,,,,,,,,,,,,,,,,,,,,,106.5015
2021-02-12T11:10:00,2459257.965,-21.171,-17.553,0.025,3.618,1.848,0,1.848,8.522,0.025,0,,,,,,,,,,,,,,,,,,,,,,,,,,,,,,,,,,,,,,,,,,,,,,,,,,,,,,,,,,,,,,,,,,,,,,,,,,106.55454999999999
2021-02-12T11:12:00,2459257.967,-20.84,-17.212,0.023,3.629,1.843,0,1.843,8.53,0.023,0,,,,,,,,,,,,,,,,,,,,,,,,,,,,,,,,,,,,,,,,,,,,,,,,,,,,,,,,,,,,,,,,,,,,,,,,,,106.57
2021-02-12T11:14:00,2459257.968,-19.765,-16.019,0.019,3.746,1.851,0,1.851,8.515,0.019,0,,,,,,,,,,,,,,,,,,,,,,,,,,,,,,,,,,,,,,,,,,,,,,,,,,,,,,,,,,,,,,,,,,,,,,,,,,106.77665
2021-02-12T11:16:00,2459257.969,-21.775,-18.176,0.018,3.599,1.845,0,1.845,8.528,0.018,0,,,,,,,,,,,,,,,,,,,,,,,,,,,,,,,,,,,,,,,,,,,,,,,,,,,,,,,,,,,,,,,,,,,,,,,,,,106.50225
2021-02-12T11:18:00,2459257.971,-20.38,-16.753,0.021,3.627,1.852,0,1.852,8.541,0.021,0,,,,,,,,,,,,,,,,,,,,,,,,,,,,,,,,,,,,,,,,,,,,,,,,,,,,,,,,,,,,,,,,,,,,,,,,,,106.56139999999999
2021-02-12T11:20:00,2459257.972,-20.055,-16.379,0.021,3.676,1.847,0,1.847,8.516,0.021,0,,,,,,,,,,,,,,,,,,,,,,,,,,,,,,,,,,,,,,,,,,,,,,,,,,,,,,,,,,,,,,,,,,,,,,,,,,106.65205
2021-02-12T11:22:00,2459257.974,-20.322,-16.699,0.023,3.623,1.848,0,1.848,8.543,0.023,0,,,,,,,,,,,,,,,,,,,,,,,,,,,,,,,,,,,,,,,,,,,,,,,,,,,,,,,,,,,,,,,,,,,,,,,,,,106.5589
2021-02-12T11:24:00,2459257.975,-19.685,-16.078,0.023,3.606,1.85,0,1.85,8.54,0.023,0,,,,,,,,,,,,,,,,,,,,,,,,,,,,,,,,,,,,,,,,,,,,,,,,,,,,,,,,,,,,,,,,,,,,,,,,,,106.52745
2021-02-12T11:26:00,2459257.976,-19.815,-16.183,0.023,3.631,1.845,0,1.845,8.506,0.023,0,,,,,,,,,,,,,,,,,,,,,,,,,,,,,,,,,,,,,,,,,,,,,,,,,,,,,,,,,,,,,,,,,,,,,,,,,,106.5737
2021-02-12T11:28:00,2459257.978,-19.571,-16.023,0.025,3.547,1.847,0,1.847,8.552,0.025,0,,,,,,,,,,,,,,,,,,,,,,,,,,,,,,,,,,,,,,,,,,,,,,,,,,,,,,,,,,,,,,,,,,,,,,,,,,106.4232
2021-02-12T11:30:00,2459257.979,-19.419,-15.732,0.023,3.686,1.845,0,1.845,8.558,0.023,0,,,,,,,,,,,,,,,,,,,,,,,,,,,,,,,,,,,,,,,,,,,,,,,,,,,,,,,,,,,,,,,,,,,,,,,,,,106.67545
2021-02-12T11:32:00,2459257.981,-19.362,-15.833,0.021,3.529,1.853,0,1.853,8.531,0.021,0,,,,,,,,,,,,,,,,,,,,,,,,,,,,,,,,,,,,,,,,,,,,,,,,,,,,,,,,,,,,,,,,,,,,,,,,,,106.3801
2021-02-12T11:34:00,2459257.982,-19.436,-15.844,0.025,3.592,1.848,0,1.848,8.535,0.025,0,,,,,,,,,,,,,,,,,,,,,,,,,,,,,,,,,,,,,,,,,,,,,,,,,,,,,,,,,,,,,,,,,,,,,,,,,,106.50645
2021-02-12T11:36:00,2459257.983,-18.529,-14.945,0.024,3.585,1.853,0,1.853,8.527,0.024,0,,,,,,,,,,,,,,,,,,,,,,,,,,,,,,,,,,,,,,,,,,,,,,,,,,,,,,,,,,,,,,,,,,,,,,,,,,106.49105
2021-02-12T11:38:00,2459257.985,-18.77,-15.246,0.026,3.524,1.851,0,1.851,8.535,0.026,0,,,,,,,,,,,,,,,,,,,,,,,,,,,,,,,,,,,,,,,,,,,,,,,,,,,,,,,,,,,,,,,,,,,,,,,,,,106.3831
2021-02-12T11:40:00,2459257.986,-19.379,-15.749,0.035,3.63,1.844,0,1.844,8.556,0.035,0,,,,,,,,,,,,,,,,,,,,,,,,,,,,,,,,,,,,,,,,,,,,,,,,,,,,,,,,,,,,,,,,,,,,,,,,,,106.60125
2021-02-12T11:42:00,2459257.988,-18.743,-15.146,0.043,3.597,1.862,0,1.862,8.615,0.043,0,,,,,,,,,,,,,,,,,,,,,,,,,,,,,,,,,,,,,,,,,,,,,,,,,,,,,,,,,,,,,,,,,,,,,,,,,,106.5598
2021-02-12T11:44:00,2459257.989,-18.273,-14.627,0.043,3.646,1.856,0,1.856,8.595,0.043,0,,,,,,,,,,,,,,,,,,,,,,,,,,,,,,,,,,,,,,,,,,,,,,,,,,,,,,,,,,,,,,,,,,,,,,,,,,106.65044999999999
2021-02-12T11:46:00,2459257.99,-18.953,-15.313,0.04,3.64,1.856,0,1.856,8.594,0.04,0,,,,,,,,,,,,,,,,,,,,,,,,,,,,,,,,,,,,,,,,,,,,,,,,,,,,,,,,,,,,,,,,,,,,,,,,,,106.632
2021-02-12T11:48:00,2459257.992,-18.9,-15.273,0.041,3.628,1.856,0,1.856,8.6,0.041,0,,,,,,,,,,,,,,,,,,,,,,,,,,,,,,,,,,,,,,,,,,,,,,,,,,,,,,,,,,,,,,,,,,,,,,,,,,106.61225
2021-02-12T11:50:00,2459257.993,-18.212,-14.573,0.042,3.639,1.855,0,1.855,8.589,0.042,0,,,,,,,,,,,,,,,,,,,,,,,,,,,,,,,,,,,,,,,,,,,,,,,,,,,,,,,,,,,,,,,,,,,,,,,,,,106.63504999999999
2021-02-12T11:52:00,2459257.994,-18.333,-14.658,0.036,3.674,1.848,0,1.848,8.575,0.036,0,,,,,,,,,,,,,,,,,,,,,,,,,,,,,,,,,,,,,,,,,,,,,,,,,,,,,,,,,,,,,,,,,,,,,,,,,,106.68509999999999
2021-02-12T11:54:00,2459257.996,-18.672,-15.073,0.036,3.599,1.849,0,1.849,8.579,0.036,0,,,,,,,,,,,,,,,,,,,,,,,,,,,,,,,,,,,,,,,,,,,,,,,,,,,,,,,,,,,,,,,,,,,,,,,,,,106.54635
2021-02-12T11:56:00,2459257.997,-18.277,-14.634,0.039,3.643,1.864,0,1.864,8.62,0.039,0,,,,,,,,,,,,,,,,,,,,,,,,,,,,,,,,,,,,,,,,,,,,,,,,,,,,,,,,,,,,,,,,,,,,,,,,,,106.6351
2021-02-12T11:58:00,2459257.999,-17.245,-13.667,0.036,3.578,1.855,0,1.855,8.593,0.036,0,,,,,,,,,,,,,,,,,,,,,,,,,,,,,,,,,,,,,,,,,,,,,,,,,,,,,,,,,,,,,,,,,,,,,,,,,,106.5075
2021-02-12T12:00:00,2459258.0,-18.73,-15.108,0.038,3.621,1.856,0,1.856,8.596,0.038,0,,,,,,,,,,,,,,,,,,,,,,,,,,,,,,,,,,,,,,,,,,,,,,,,,,,,,,,,,,,,,,,,,,,,,,,,,,106.59195
2021-02-12T12:02:00,2459258.001,-18.351,-14.704,0.037,3.646,1.862,0,1.862,8.587,0.037,0,,,,,,,,,,,,,,,,,,,,,,,,,,,,,,,,,,,,,,,,,,,,,,,,,,,,,,,,,,,,,,,,,,,,,,,,,,106.63575
2021-02-12T12:04:00,2459258.003,-17.242,-13.548,0.035,3.694,1.859,0,1.859,8.614,0.035,0,,,,,,,,,,,,,,,,,,,,,,,,,,,,,,,,,,,,,,,,,,,,,,,,,,,,,,,,,,,,,,,,,,,,,,,,,,106.71965
2021-02-12T12:06:00,2459258.004,-18.117,-14.401,0.03,3.716,1.862,0,1.862,8.606,0.03,0,,,,,,,,,,,,,,,,,,,,,,,,,,,,,,,,,,,,,,,,,,,,,,,,,,,,,,,,,,,,,,,,,,,,,,,,,,106.7481
2021-02-12T12:08:00,2459258.006,-17.683,-14.021,0.032,3.662,1.851,0,1.851,8.602,0.032,0,,,,,,,,,,,,,,,,,,,,,,,,,,,,,,,,,,,,,,,,,,,,,,,,,,,,,,,,,,,,,,,,,,,,,,,,,,106.6531
2021-02-12T12:10:00,2459258.007,-18.683,-15.04,0.035,3.644,1.848,0,1.848,8.576,0.035,0,,,,,,,,,,,,,,,,,,,,,,,,,,,,,,,,,,,,,,,,,,,,,,,,,,,,,,,,,,,,,,,,,,,,,,,,,,106.62715
2021-02-12T12:12:00,2459258.008,-18.243,-14.555,0.033,3.688,1.851,0,1.851,8.614,0.033,0,,,,,,,,,,,,,,,,,,,,,,,,,,,,,,,,,,,,,,,,,,,,,,,,,,,,,,,,,,,,,,,,,,,,,,,,,,106.70365
2021-02-12T12:14:00,2459258.01,-17.537,-13.966,0.033,3.572,1.858,0,1.858,8.587,0.033,0,,,,,,,,,,,,,,,,,,,,,,,,,,,,,,,,,,,,,,,,,,,,,,,,,,,,,,,,,,,,,,,,,,,,,,,,,,106.48904999999999
2021-02-12T12:16:00,2459258.011,-17.837,-14.199,0.027,3.638,1.858,0,1.858,8.589,0.027,0,,,,,,,,,,,,,,,,,,,,,,,,,,,,,,,,,,,,,,,,,,,,,,,,,,,,,,,,,,,,,,,,,,,,,,,,,,106.59645
2021-02-12T12:18:00,2459258.013,-17.261,-13.665,0.027,3.596,1.857,0,1.857,8.598,0.027,0,,,,,,,,,,,,,,,,,,,,,,,,,,,,,,,,,,,,,,,,,,,,,,,,,,,,,,,,,,,,,,,,,,,,,,,,,,106.51875
2021-02-12T12:20:00,2459258.014,-17.897,-14.293,0.025,3.605,1.86,0,1.86,8.586,0.025,0,,,,,,,,,,,,,,,,,,,,,,,,,,,,,,,,,,,,,,,,,,,,,,,,,,,,,,,,,,,,,,,,,,,,,,,,,,106.5305
2021-02-12T12:22:00,2459258.015,-17.16,-13.539,0.027,3.621,1.858,0,1.858,8.594,0.027,0,,,,,,,,,,,,,,,,,,,,,,,,,,,,,,,,,,,,,,,,,,,,,,,,,,,,,,,,,,,,,,,,,,,,,,,,,,106.565
2021-02-12T12:24:00,2459258.017,-17.5,-13.931,0.032,3.569,1.86,0,1.86,8.581,0.032,0,,,,,,,,,,,,,,,,,,,,,,,,,,,,,,,,,,,,,,,,,,,,,,,,,,,,,,,,,,,,,,,,,,,,,,,,,,106.48105
2021-02-12T12:26:00,2459258.018,-17.056,-13.455,0.03,3.601,1.857,0,1.857,8.598,0.03,0,,,,,,,,,,,,,,,,,,,,,,,,,,,,,,,,,,,,,,,,,,,,,,,,,,,,,,,,,,,,,,,,,,,,,,,,,,106.53535
2021-02-12T12:28:00,2459258.019,-17.017,-13.38,0.028,3.636,1.856,0,1.856,8.585,0.028,0,,,,,,,,,,,,,,,,,,,,,,,,,,,,,,,,,,,,,,,,,,,,,,,,,,,,,,,,,,,,,,,,,,,,,,,,,,106.59519999999999
2021-02-12T12:30:00,2459258.021,-17.584,-13.915,0.025,3.669,1.857,0,1.857,8.589,0.025,0,,,,,,,,,,,,,,,,,,,,,,,,,,,,,,,,,,,,,,,,,,,,,,,,,,,,,,,,,,,,,,,,,,,,,,,,,,106.6489
2021-02-12T12:32:00,2459258.022,-16.806,-13.236,0.026,3.569,1.853,0,1.853,8.593,0.026,0,,,,,,,,,,,,,,,,,,,,,,,,,,,,,,,,,,,,,,,,,,,,,,,,,,,,,,,,,,,,,,,,,,,,,,,,,,106.46634999999999
2021-02-12T12:34:00,2459258.024,-17.018,-13.4,0.028,3.618,1.854,0,1.854,8.596,0.028,0,,,,,,,,,,,,,,,,,,,,,,,,,,,,,,,,,,,,,,,,,,,,,,,,,,,,,,,,,,,,,,,,,,,,,,,,,,106.5619
2021-02-12T12:36:00,2459258.025,-17.035,-13.347,0.021,3.688,1.849,0,1.849,8.595,0.021,0,,,,,,,,,,,,,,,,,,,,,,,,,,,,,,,,,,,,,,,,,,,,,,,,,,,,,,,,,,,,,,,,,,,,,,,,,,106.67425
2021-02-12T12:38:00,2459258.026,-16.589,-13.033,0.027,3.556,1.856,0,1.856,8.594,0.027,0,,,,,,,,,,,,,,,,,,,,,,,,,,,,,,,,,,,,,,,,,,,,,,,,,,,,,,,,,,,,,,,,,,,,,,,,,,106.44475
2021-02-12T12:40:00,2459258.028,-17.195,-13.562,0.029,3.633,1.856,0,1.856,8.593,0.029,0,,,,,,,,,,,,,,,,,,,,,,,,,,,,,,,,,,,,,,,,,,,,,,,,,,,,,,,,,,,,,,,,,,,,,,,,,,106.5921
2021-02-12T12:42:00,2459258.029,-18.214,-14.546,0.029,3.668,1.856,0,1.856,8.586,0.029,0,,,,,,,,,,,,,,,,,,,,,,,,,,,,,,,,,,,,,,,,,,,,,,,,,,,,,,,,,,,,,,,,,,,,,,,,,,106.65684999999999
2021-02-12T12:44:00,2459258.031,-15.738,-12.175,0.028,3.563,1.851,0,1.851,8.59,0.028,0,,,,,,,,,,,,,,,,,,,,,,,,,,,,,,,,,,,,,,,,,,,,,,,,,,,,,,,,,,,,,,,,,,,,,,,,,,106.46015
2021-02-12T12:46:00,2459258.032,-17.146,-13.553,0.028,3.593,1.86,0,1.86,8.603,0.028,0,,,,,,,,,,,,,,,,,,,,,,,,,,,,,,,,,,,,,,,,,,,,,,,,,,,,,,,,,,,,,,,,,,,,,,,,,,106.51565
2021-02-12T12:48:00,2459258.033,-17.515,-13.916,0.028,3.599,1.859,0,1.859,8.609,0.028,0,,,,,,,,,,,,,,,,,,,,,,,,,,,,,,,,,,,,,,,,,,,,,,,,,,,,,,,,,,,,,,,,,,,,,,,,,,106.52674999999999
2021-02-12T12:50:00,2459258.035,-15.992,-12.399,0.024,3.593,1.863,0,1.863,8.604,0.024,0,,,,,,,,,,,,,,,,,,,,,,,,,,,,,,,,,,,,,,,,,,,,,,,,,,,,,,,,,,,,,,,,,,,,,,,,,,106.50585
2021-02-12T12:52:00,2459258.036,-16.817,-13.244,0.026,3.574,1.863,0,1.863,8.586,0.026,0,,,,,,,,,,,,,,,,,,,,,,,,,,,,,,,,,,,,,,,,,,,,,,,,,,,,,,,,,,,,,,,,,,,,,,,,,,106.4756
2021-02-12T12:54:00,2459258.038,-17.451,-13.909,0.023,3.543,1.86,0,1.86,8.6,0.023,0,,,,,,,,,,,,,,,,,,,,,,,,,,,,,,,,,,,,,,,,,,,,,,,,,,,,,,,,,,,,,,,,,,,,,,,,,,106.4109
2021-02-12T12:56:00,2459258.039,-16.79,-13.16,0.02,3.631,1.867,0,1.867,8.616,0.02,0,,,,,,,,,,,,,,,,,,,,,,,,,,,,,,,,,,,,,,,,,,,,,,,,,,,,,,,,,,,,,,,,,,,,,,,,,,106.56635
2021-02-12T12:58:00,2459258.04,-16.519,-12.993,0.023,3.526,1.862,0,1.862,8.603,0.023,0,,,,,,,,,,,,,,,,,,,,,,,,,,,,,,,,,,,,,,,,,,,,,,,,,,,,,,,,,,,,,,,,,,,,,,,,,,106.37944999999999
2021-02-12T13:00:00,2459258.042,-16.991,-13.325,0.024,3.666,1.86,0,1.86,8.617,0.024,0,,,,,,,,,,,,,,,,,,,,,,,,,,,,,,,,,,,,,,,,,,,,,,,,,,,,,,,,,,,,,,,,,,,,,,,,,,106.6409
2021-02-12T13:02:00,2459258.043,-16.539,-12.978,0.024,3.56,1.863,0,1.863,8.605,0.024,0,,,,,,,,,,,,,,,,,,,,,,,,,,,,,,,,,,,,,,,,,,,,,,,,,,,,,,,,,,,,,,,,,,,,,,,,,,106.4448
2021-02-12T13:04:00,2459258.044,-16.735,-13.064,0.022,3.671,1.855,0,1.855,8.596,0.022,0,,,,,,,,,,,,,,,,,,,,,,,,,,,,,,,,,,,,,,,,,,,,,,,,,,,,,,,,,,,,,,,,,,,,,,,,,,106.64524999999999
2021-02-12T13:06:00,2459258.046,-16.63,-13.123,0.02,3.507,1.854,0,1.854,8.605,0.02,0,,,,,,,,,,,,,,,,,,,,,,,,,,,,,,,,,,,,,,,,,,,,,,,,,,,,,,,,,,,,,,,,,,,,,,,,,,106.33695
2021-02-12T13:08:00,2459258.047,-16.828,-13.042,0.024,3.786,1.865,0,1.865,8.609,0.024,0,,,,,,,,,,,,,,,,,,,,,,,,,,,,,,,,,,,,,,,,,,,,,,,,,,,,,,,,,,,,,,,,,,,,,,,,,,106.8629
2021-02-12T13:10:00,2459258.049,-16.794,-13.193,0.025,3.601,1.869,0,1.869,8.598,0.025,0,,,,,,,,,,,,,,,,,,,,,,,,,,,,,,,,,,,,,,,,,,,,,,,,,,,,,,,,,,,,,,,,,,,,,,,,,,106.5231
2021-02-12T13:12:00,2459258.05,-18.199,-14.632,0.023,3.567,1.859,0,1.859,8.605,0.023,0,,,,,,,,,,,,,,,,,,,,,,,,,,,,,,,,,,,,,,,,,,,,,,,,,,,,,,,,,,,,,,,,,,,,,,,,,,106.4553
2021-02-12T13:14:00,2459258.051,-15.34,-11.578,0.026,3.762,1.863,0,1.863,8.601,0.026,0,,,,,,,,,,,,,,,,,,,,,,,,,,,,,,,,,,,,,,,,,,,,,,,,,,,,,,,,,,,,,,,,,,,,,,,,,,106.82339999999999
2021-02-12T13:16:00,2459258.053,-18.109,-14.559,0.02,3.55,1.856,0,1.856,8.601,0.02,0,,,,,,,,,,,,,,,,,,,,,,,,,,,,,,,,,,,,,,,,,,,,,,,,,,,,,,,,,,,,,,,,,,,,,,,,,,106.4165
2021-02-12T13:18:00,2459258.054,-16.438,-12.769,0.022,3.669,1.865,0,1.865,8.617,0.022,0,,,,,,,,,,,,,,,,,,,,,,,,,,,,,,,,,,,,,,,,,,,,,,,,,,,,,,,,,,,,,,,,,,,,,,,,,,106.64155
2021-02-12T13:20:00,2459258.056,-17.688,-14.05,0.019,3.638,1.861,0,1.861,8.596,0.019,0,,,,,,,,,,,,,,,,,,,,,,,,,,,,,,,,,,,,,,,,,,,,,,,,,,,,,,,,,,,,,,,,,,,,,,,,,,106.57685
2021-02-12T13:22:00,2459258.057,-16.412,-12.863,0.02,3.55,1.859,0,1.859,8.605,0.02,0,,,,,,,,,,,,,,,,,,,,,,,,,,,,,,,,,,,,,,,,,,,,,,,,,,,,,,,,,,,,,,,,,,,,,,,,,,106.4165
2021-02-12T13:24:00,2459258.058,-17.21,-13.632,0.021,3.578,1.863,0,1.863,8.622,0.021,0,,,,,,,,,,,,,,,,,,,,,,,,,,,,,,,,,,,,,,,,,,,,,,,,,,,,,,,,,,,,,,,,,,,,,,,,,,106.47075
2021-02-12T13:26:00,2459258.06,-17.941,-14.283,0.019,3.658,1.857,0,1.857,8.592,0.019,0,,,,,,,,,,,,,,,,,,,,,,,,,,,,,,,,,,,,,,,,,,,,,,,,,,,,,,,,,,,,,,,,,,,,,,,,,,106.61385
2021-02-12T13:28:00,2459258.061,-15.957,-12.42,0.022,3.537,1.851,0,1.851,8.593,0.022,0,,,,,,,,,,,,,,,,,,,,,,,,,,,,,,,,,,,,,,,,,,,,,,,,,,,,,,,,,,,,,,,,,,,,,,,,,,106.39735
2021-02-12T13:30:00,2459258.063,-17.733,-14.074,0.021,3.66,1.863,0,1.863,8.604,0.021,0,,,,,,,,,,,,,,,,,,,,,,,,,,,,,,,,,,,,,,,,,,,,,,,,,,,,,,,,,,,,,,,,,,,,,,,,,,106.62245
2021-02-12T13:32:00,2459258.064,-16.63,-13.055,0.02,3.575,1.859,0,1.859,8.596,0.02,0,,,,,,,,,,,,,,,,,,,,,,,,,,,,,,,,,,,,,,,,,,,,,,,,,,,,,,,,,,,,,,,,,,,,,,,,,,106.46275
2021-02-12T13:34:00,2459258.065,-16.727,-13.125,0.023,3.602,1.854,0,1.854,8.609,0.023,0,,,,,,,,,,,,,,,,,,,,,,,,,,,,,,,,,,,,,,,,,,,,,,,,,,,,,,,,,,,,,,,,,,,,,,,,,,106.52005
2021-02-12T13:36:00,2459258.067,-17.726,-14.261,0.02,3.465,1.851,0,1.851,8.61,0.02,0,,,,,,,,,,,,,,,,,,,,,,,,,,,,,,,,,,,,,,,,,,,,,,,,,,,,,,,,,,,,,,,,,,,,,,,,,,106.25925
2021-02-12T13:38:00,2459258.068,-15.887,-12.298,0.018,3.589,1.85,0,1.85,8.603,0.018,0,,,,,,,,,,,,,,,,,,,,,,,,,,,,,,,,,,,,,,,,,,,,,,,,,,,,,,,,,,,,,,,,,,,,,,,,,,106.48375
2021-02-12T13:40:00,2459258.069,-17.593,-14.057,0.021,3.535,1.855,0,1.855,8.603,0.021,0,,,,,,,,,,,,,,,,,,,,,,,,,,,,,,,,,,,,,,,,,,,,,,,,,,,,,,,,,,,,,,,,,,,,,,,,,,106.3912
2021-02-12T13:42:00,2459258.071,-17.081,-13.598,0.019,3.484,1.86,0,1.86,8.601,0.019,0,,,,,,,,,,,,,,,,,,,,,,,,,,,,,,,,,,,,,,,,,,,,,,,,,,,,,,,,,,,,,,,,,,,,,,,,,,106.29195
2021-02-12T13:44:00,2459258.072,-17.129,-13.516,0.02,3.613,1.856,0,1.856,8.605,0.02,0,,,,,,,,,,,,,,,,,,,,,,,,,,,,,,,,,,,,,,,,,,,,,,,,,,,,,,,,,,,,,,,,,,,,,,,,,,106.53305
2021-02-12T13:46:00,2459258.074,-16.855,-13.32,0.017,3.535,1.86,0,1.86,8.582,0.017,0,,,,,,,,,,,,,,,,,,,,,,,,,,,,,,,,,,,,,,,,,,,,,,,,,,,,,,,,,,,,,,,,,,,,,,,,,,106.3814
2021-02-12T13:48:00,2459258.075,-16.529,-12.93,0.017,3.599,1.87,0,1.87,8.613,0.017,0,,,,,,,,,,,,,,,,,,,,,,,,,,,,,,,,,,,,,,,,,,,,,,,,,,,,,,,,,,,,,,,,,,,,,,,,,,106.4998
2021-02-12T13:50:00,2459258.076,-18.186,-14.591,0.021,3.595,1.861,0,1.861,8.6,0.021,0,,,,,,,,,,,,,,,,,,,,,,,,,,,,,,,,,,,,,,,,,,,,,,,,,,,,,,,,,,,,,,,,,,,,,,,,,,106.5022
2021-02-12T13:52:00,2459258.078,-15.889,-12.267,0.015,3.622,1.869,0,1.869,8.603,0.015,0,,,,,,,,,,,,,,,,,,,,,,,,,,,,,,,,,,,,,,,,,,,,,,,,,,,,,,,,,,,,,,,,,,,,,,,,,,106.53744999999999
2021-02-12T13:54:00,2459258.079,-17.12,-13.524,0.02,3.596,1.869,0,1.869,8.606,0.02,0,,,,,,,,,,,,,,,,,,,,,,,,,,,,,,,,,,,,,,,,,,,,,,,,,,,,,,,,,,,,,,,,,,,,,,,,,,106.5016
2021-02-12T13:56:00,2459258.081,-18.909,-15.281,0.02,3.628,1.868,0,1.868,8.597,0.02,0,,,,,,,,,,,,,,,,,,,,,,,,,,,,,,,,,,,,,,,,,,,,,,,,,,,,,,,,,,,,,,,,,,,,,,,,,,106.5608
2021-02-12T13:58:00,2459258.082,-16.269,-12.693,0.02,3.576,1.868,0,1.868,8.589,0.02,0,,,,,,,,,,,,,,,,,,,,,,,,,,,,,,,,,,,,,,,,,,,,,,,,,,,,,,,,,,,,,,,,,,,,,,,,,,106.4646
2021-02-12T14:00:00,2459258.083,-16.777,-13.132,0.022,3.645,1.869,0,1.869,8.62,0.022,0,,,,,,,,,,,,,,,,,,,,,,,,,,,,,,,,,,,,,,,,,,,,,,,,,,,,,,,,,,,,,,,,,,,,,,,,,,106.59715
2021-02-12T14:02:00,2459258.085,-17.204,-13.608,0.023,3.595,1.864,0,1.864,8.597,0.023,0,,,,,,,,,,,,,,,,,,,,,,,,,,,,,,,,,,,,,,,,,,,,,,,,,,,,,,,,,,,,,,,,,,,,,,,,,,106.5071
2021-02-12T14:04:00,2459258.086,-17.076,-13.439,0.021,3.638,1.87,0,1.87,8.598,0.021,0,,,,,,,,,,,,,,,,,,,,,,,,,,,,,,,,,,,,,,,,,,,,,,,,,,,,,,,,,,,,,,,,,,,,,,,,,,106.58175
2021-02-12T14:06:00,2459258.088,-17.594,-13.935,0.021,3.659,1.867,0,1.867,8.61,0.021,0,,,,,,,,,,,,,,,,,,,,,,,,,,,,,,,,,,,,,,,,,,,,,,,,,,,,,,,,,,,,,,,,,,,,,,,,,,106.6206
2021-02-12T14:08:00,2459258.089,-17.456,-13.866,0.022,3.59,1.872,0,1.872,8.599,0.022,0,,,,,,,,,,,,,,,,,,,,,,,,,,,,,,,,,,,,,,,,,,,,,,,,,,,,,,,,,,,,,,,,,,,,,,,,,,106.49539999999999
2021-02-12T14:10:00,2459258.09,-17.662,-14.052,0.024,3.61,1.87,0,1.87,8.596,0.024,0,,,,,,,,,,,,,,,,,,,,,,,,,,,,,,,,,,,,,,,,,,,,,,,,,,,,,,,,,,,,,,,,,,,,,,,,,,106.5373
2021-02-12T14:12:00,2459258.092,-16.766,-13.112,0.019,3.654,1.875,0,1.875,8.602,0.019,0,,,,,,,,,,,,,,,,,,,,,,,,,,,,,,,,,,,,,,,,,,,,,,,,,,,,,,,,,,,,,,,,,,,,,,,,,,106.60645
2021-02-12T14:14:00,2459258.093,-17.646,-14.14,0.022,3.506,1.864,0,1.864,8.617,0.022,0,,,,,,,,,,,,,,,,,,,,,,,,,,,,,,,,,,,,,,,,,,,,,,,,,,,,,,,,,,,,,,,,,,,,,,,,,,106.34
2021-02-12T14:16:00,2459258.094,-17.262,-13.559,0.022,3.704,1.866,0,1.866,8.618,0.022,0,,,,,,,,,,,,,,,,,,,,,,,,,,,,,,,,,,,,,,,,,,,,,,,,,,,,,,,,,,,,,,,,,,,,,,,,,,106.7063
2021-02-12T14:18:00,2459258.096,-17.831,-14.188,0.021,3.643,1.861,0,1.861,8.601,0.021,0,,,,,,,,,,,,,,,,,,,,,,,,,,,,,,,,,,,,,,,,,,,,,,,,,,,,,,,,,,,,,,,,,,,,,,,,,,106.591
2021-02-12T14:20:00,2459258.097,-18.522,-14.979,0.026,3.543,1.855,0,1.855,8.602,0.026,0,,,,,,,,,,,,,,,,,,,,,,,,,,,,,,,,,,,,,,,,,,,,,,,,,,,,,,,,,,,,,,,,,,,,,,,,,,106.41825
2021-02-12T14:22:00,2459258.099,-17.076,-13.412,0.022,3.664,1.863,0,1.863,8.596,0.022,0,,,,,,,,,,,,,,,,,,,,,,,,,,,,,,,,,,,,,,,,,,,,,,,,,,,,,,,,,,,,,,,,,,,,,,,,,,106.6323
2021-02-12T14:24:00,2459258.1,-16.895,-13.294,0.019,3.601,1.871,0,1.871,8.595,0.019,0,,,,,,,,,,,,,,,,,,,,,,,,,,,,,,,,,,,,,,,,,,,,,,,,,,,,,,,,,,,,,,,,,,,,,,,,,,106.5084
2021-02-12T14:26:00,2459258.101,-18.816,-15.113,0.024,3.702,1.868,0,1.868,8.603,0.024,0,,,,,,,,,,,,,,,,,,,,,,,,,,,,,,,,,,,,,,,,,,,,,,,,,,,,,,,,,,,,,,,,,,,,,,,,,,106.7075
2021-02-12T14:28:00,2459258.103,-16.497,-12.907,0.025,3.59,1.861,0,1.861,8.591,0.025,0,,,,,,,,,,,,,,,,,,,,,,,,,,,,,,,,,,,,,,,,,,,,,,,,,,,,,,,,,,,,,,,,,,,,,,,,,,106.50274999999999
2021-02-12T14:30:00,2459258.104,-16.898,-13.172,0.025,3.725,1.862,0,1.862,8.61,0.025,0,,,,,,,,,,,,,,,,,,,,,,,,,,,,,,,,,,,,,,,,,,,,,,,,,,,,,,,,,,,,,,,,,,,,,,,,,,106.7525
2021-02-12T14:32:00,2459258.106,-18.98,-15.365,0.018,3.616,1.858,0,1.858,8.574,0.018,0,,,,,,,,,,,,,,,,,,,,,,,,,,,,,,,,,,,,,,,,,,,,,,,,,,,,,,,,,,,,,,,,,,,,,,,,,,106.5337
2021-02-12T14:34:00,2459258.107,-18.373,-14.767,0.022,3.606,1.862,0,1.862,8.609,0.022,0,,,,,,,,,,,,,,,,,,,,,,,,,,,,,,,,,,,,,,,,,,,,,,,,,,,,,,,,,,,,,,,,,,,,,,,,,,106.52499999999999
2021-02-12T14:36:00,2459258.108,-18.256,-14.617,0.019,3.639,1.857,0,1.857,8.588,0.019,0,,,,,,,,,,,,,,,,,,,,,,,,,,,,,,,,,,,,,,,,,,,,,,,,,,,,,,,,,,,,,,,,,,,,,,,,,,106.5787
2021-02-12T14:38:00,2459258.11,-18.549,-14.95,0.018,3.6,1.868,0,1.868,8.6,0.018,0,,,,,,,,,,,,,,,,,,,,,,,,,,,,,,,,,,,,,,,,,,,,,,,,,,,,,,,,,,,,,,,,,,,,,,,,,,106.5041
2021-02-12T14:40:00,2459258.111,-18.168,-14.579,0.02,3.589,1.869,0,1.869,8.6,0.02,0,,,,,,,,,,,,,,,,,,,,,,,,,,,,,,,,,,,,,,,,,,,,,,,,,,,,,,,,,,,,,,,,,,,,,,,,,,106.48864999999999
2021-02-12T14:42:00,2459258.113,-19.278,-15.638,0.022,3.64,1.857,0,1.857,8.59,0.022,0,,,,,,,,,,,,,,,,,,,,,,,,,,,,,,,,,,,,,,,,,,,,,,,,,,,,,,,,,,,,,,,,,,,,,,,,,,106.58789999999999
2021-02-12T14:44:00,2459258.114,-18.636,-15.051,0.019,3.586,1.862,0,1.862,8.596,0.019,0,,,,,,,,,,,,,,,,,,,,,,,,,,,,,,,,,,,,,,,,,,,,,,,,,,,,,,,,,,,,,,,,,,,,,,,,,,106.48065
2021-02-12T14:46:00,2459258.115,-19.623,-15.98,0.019,3.643,1.877,0,1.877,8.615,0.019,0,,,,,,,,,,,,,,,,,,,,,,,,,,,,,,,,,,,,,,,,,,,,,,,,,,,,,,,,,,,,,,,,,,,,,,,,,,106.5861
2021-02-12T14:48:00,2459258.117,-19.857,-16.207,0.018,3.649,1.875,0,1.875,8.595,0.018,0,,,,,,,,,,,,,,,,,,,,,,,,,,,,,,,,,,,,,,,,,,,,,,,,,,,,,,,,,,,,,,,,,,,,,,,,,,106.59475
2021-02-12T14:50:00,2459258.118,-19.154,-15.404,0.016,3.75,1.863,0,1.863,8.582,0.016,0,,,,,,,,,,,,,,,,,,,,,,,,,,,,,,,,,,,,,,,,,,,,,,,,,,,,,,,,,,,,,,,,,,,,,,,,,,106.77669999999999
2021-02-12T14:52:00,2459258.119,-19.716,-16.124,0.02,3.592,1.863,0,1.863,8.589,0.02,0,,,,,,,,,,,,,,,,,,,,,,,,,,,,,,,,,,,,,,,,,,,,,,,,,,,,,,,,,,,,,,,,,,,,,,,,,,106.49419999999999
2021-02-12T14:54:00,2459258.121,-19.117,-15.435,0.023,3.682,1.852,0,1.852,8.595,0.023,0,,,,,,,,,,,,,,,,,,,,,,,,,,,,,,,,,,,,,,,,,,,,,,,,,,,,,,,,,,,,,,,,,,,,,,,,,,106.66805
2021-02-12T14:56:00,2459258.122,-19.277,-15.547,0.023,3.73,1.866,0,1.866,8.583,0.023,0,,,,,,,,,,,,,,,,,,,,,,,,,,,,,,,,,,,,,,,,,,,,,,,,,,,,,,,,,,,,,,,,,,,,,,,,,,106.75685
2021-02-12T14:58:00,2459258.124,-19.623,-16.013,0.023,3.611,1.867,0,1.867,8.594,0.023,0,,,,,,,,,,,,,,,,,,,,,,,,,,,,,,,,,,,,,,,,,,,,,,,,,,,,,,,,,,,,,,,,,,,,,,,,,,106.5367
2021-02-12T15:00:00,2459258.125,-18.036,-14.33,0.018,3.706,1.863,0,1.863,8.584,0.018,0,,,,,,,,,,,,,,,,,,,,,,,,,,,,,,,,,,,,,,,,,,,,,,,,,,,,,,,,,,,,,,,,,,,,,,,,,,106.7002
2021-02-12T15:02:00,2459258.126,-19.682,-15.997,0.018,3.686,1.876,0,1.876,8.595,0.018,0,,,,,,,,,,,,,,,,,,,,,,,,,,,,,,,,,,,,,,,,,,,,,,,,,,,,,,,,,,,,,,,,,,,,,,,,,,106.6632
2021-02-12T15:04:00,2459258.128,-19.957,-16.321,0.021,3.636,1.871,0,1.871,8.587,0.021,0,,,,,,,,,,,,,,,,,,,,,,,,,,,,,,,,,,,,,,,,,,,,,,,,,,,,,,,,,,,,,,,,,,,,,,,,,,106.57804999999999
2021-02-12T15:06:00,2459258.129,-18.546,-14.808,0.019,3.738,1.874,0,1.874,8.589,0.019,0,,,,,,,,,,,,,,,,,,,,,,,,,,,,,,,,,,,,,,,,,,,,,,,,,,,,,,,,,,,,,,,,,,,,,,,,,,106.76185
2021-02-12T15:08:00,2459258.131,-20.086,-16.421,0.018,3.665,1.874,0,1.874,8.584,0.018,0,,,,,,,,,,,,,,,,,,,,,,,,,,,,,,,,,,,,,,,,,,,,,,,,,,,,,,,,,,,,,,,,,,,,,,,,,,106.62434999999999
2021-02-12T15:10:00,2459258.132,-18.481,-14.775,0.02,3.707,1.882,0,1.882,8.609,0.02,0,,,,,,,,,,,,,,,,,,,,,,,,,,,,,,,,,,,,,,,,,,,,,,,,,,,,,,,,,,,,,,,,,,,,,,,,,,106.70694999999999
2021-02-12T15:12:00,2459258.133,-18.704,-15.032,0.016,3.672,1.877,0,1.877,8.595,0.016,0,,,,,,,,,,,,,,,,,,,,,,,,,,,,,,,,,,,,,,,,,,,,,,,,,,,,,,,,,,,,,,,,,,,,,,,,,,106.6324
2021-02-12T15:14:00,2459258.135,-19.698,-15.989,0.019,3.709,1.874,0,1.874,8.591,0.019,0,,,,,,,,,,,,,,,,,,,,,,,,,,,,,,,,,,,,,,,,,,,,,,,,,,,,,,,,,,,,,,,,,,,,,,,,,,106.70819999999999
2021-02-12T15:16:00,2459258.136,-19.633,-15.925,0.018,3.708,1.865,0,1.865,8.605,0.018,0,,,,,,,,,,,,,,,,,,,,,,,,,,,,,,,,,,,,,,,,,,,,,,,,,,,,,,,,,,,,,,,,,,,,,,,,,,106.7039
2021-02-12T15:18:00,2459258.138,-19.949,-16.28,0.018,3.669,1.868,0,1.868,8.595,0.018,0,,,,,,,,,,,,,,,,,,,,,,,,,,,,,,,,,,,,,,,,,,,,,,,,,,,,,,,,,,,,,,,,,,,,,,,,,,106.63175
2021-02-12T15:20:00,2459258.139,-19.217,-15.492,0.015,3.725,1.872,0,1.872,8.612,0.015,0,,,,,,,,,,,,,,,,,,,,,,,,,,,,,,,,,,,,,,,,,,,,,,,,,,,,,,,,,,,,,,,,,,,,,,,,,,106.728
2021-02-12T15:22:00,2459258.14,-18.78,-15.14,0.017,3.64,1.876,0,1.876,8.593,0.017,0,,,,,,,,,,,,,,,,,,,,,,,,,,,,,,,,,,,,,,,,,,,,,,,,,,,,,,,,,,,,,,,,,,,,,,,,,,106.57565
2021-02-12T15:24:00,2459258.142,-20.438,-16.753,0.016,3.685,1.872,0,1.872,8.609,0.016,0,,,,,,,,,,,,,,,,,,,,,,,,,,,,,,,,,,,,,,,,,,,,,,,,,,,,,,,,,,,,,,,,,,,,,,,,,,106.65644999999999
2021-02-12T15:26:00,2459258.143,-19.061,-15.285,0.019,3.776,1.88,0,1.88,8.594,0.019,0,,,,,,,,,,,,,,,,,,,,,,,,,,,,,,,,,,,,,,,,,,,,,,,,,,,,,,,,,,,,,,,,,,,,,,,,,,106.83215
2021-02-12T15:28:00,2459258.144,-19.437,-15.724,0.02,3.714,1.867,0,1.867,8.588,0.02,0,,,,,,,,,,,,,,,,,,,,,,,,,,,,,,,,,,,,,,,,,,,,,,,,,,,,,,,,,,,,,,,,,,,,,,,,,,106.7199
2021-02-12T15:30:00,2459258.146,-20.391,-16.666,0.019,3.725,1.88,0,1.88,8.608,0.019,0,,,,,,,,,,,,,,,,,,,,,,,,,,,,,,,,,,,,,,,,,,,,,,,,,,,,,,,,,,,,,,,,,,,,,,,,,,106.7378
2021-02-12T15:32:00,2459258.147,-20.066,-16.374,0.018,3.692,1.87,0,1.87,8.586,0.018,0,,,,,,,,,,,,,,,,,,,,,,,,,,,,,,,,,,,,,,,,,,,,,,,,,,,,,,,,,,,,,,,,,,,,,,,,,,106.6743
2021-02-12T15:34:00,2459258.149,-20.299,-16.56,0.018,3.739,1.863,0,1.863,8.592,0.018,0,,,,,,,,,,,,,,,,,,,,,,,,,,,,,,,,,,,,,,,,,,,,,,,,,,,,,,,,,,,,,,,,,,,,,,,,,,106.76125
2021-02-12T15:36:00,2459258.15,-19.948,-16.196,0.02,3.753,1.872,0,1.872,8.589,0.02,0,,,,,,,,,,,,,,,,,,,,,,,,,,,,,,,,,,,,,,,,,,,,,,,,,,,,,,,,,,,,,,,,,,,,,,,,,,106.79205
2021-02-12T15:38:00,2459258.151,-20.523,-16.903,0.02,3.619,1.869,0,1.869,8.595,0.02,0,,,,,,,,,,,,,,,,,,,,,,,,,,,,,,,,,,,,,,,,,,,,,,,,,,,,,,,,,,,,,,,,,,,,,,,,,,106.54415
2021-02-12T15:40:00,2459258.153,-20.485,-16.738,0.017,3.747,1.871,0,1.871,8.583,0.017,0,,,,,,,,,,,,,,,,,,,,,,,,,,,,,,,,,,,,,,,,,,,,,,,,,,,,,,,,,,,,,,,,,,,,,,,,,,106.7736
2021-02-12T15:42:00,2459258.154,-20.143,-16.501,0.019,3.642,1.875,0,1.875,8.586,0.019,0,,,,,,,,,,,,,,,,,,,,,,,,,,,,,,,,,,,,,,,,,,,,,,,,,,,,,,,,,,,,,,,,,,,,,,,,,,106.58425
2021-02-12T15:44:00,2459258.156,-21.317,-17.615,0.014,3.702,1.872,0,1.872,8.58,0.014,0,,,,,,,,,,,,,,,,,,,,,,,,,,,,,,,,,,,,,,,,,,,,,,,,,,,,,,,,,,,,,,,,,,,,,,,,,,106.68299999999999
2021-02-12T15:46:00,2459258.157,-20.622,-16.915,0.017,3.707,1.871,0,1.871,8.59,0.017,0,,,,,,,,,,,,,,,,,,,,,,,,,,,,,,,,,,,,,,,,,,,,,,,,,,,,,,,,,,,,,,,,,,,,,,,,,,106.6996
2021-02-12T15:48:00,2459258.158,-21.486,-17.829,0.013,3.657,1.875,0,1.875,8.568,0.013,0,,,,,,,,,,,,,,,,,,,,,,,,,,,,,,,,,,,,,,,,,,,,,,,,,,,,,,,,,,,,,,,,,,,,,,,,,,106.5973
2021-02-12T15:50:00,2459258.16,-21.59,-17.892,0.016,3.698,1.874,0,1.874,8.569,0.016,0,,,,,,,,,,,,,,,,,,,,,,,,,,,,,,,,,,,,,,,,,,,,,,,,,,,,,,,,,,,,,,,,,,,,,,,,,,106.6805
2021-02-12T15:52:00,2459258.161,-22.015,-18.32,0.023,3.695,1.871,0,1.871,8.578,0.023,0,,,,,,,,,,,,,,,,,,,,,,,,,,,,,,,,,,,,,,,,,,,,,,,,,,,,,,,,,,,,,,,,,,,,,,,,,,106.6921
2021-02-12T15:54:00,2459258.163,-21.793,-18.12,0.023,3.673,1.87,0,1.87,8.583,0.023,0,,,,,,,,,,,,,,,,,,,,,,,,,,,,,,,,,,,,,,,,,,,,,,,,,,,,,,,,,,,,,,,,,,,,,,,,,,106.6514
2021-02-12T15:56:00,2459258.164,-22.044,-18.304,0.021,3.741,1.875,0,1.875,8.587,0.021,0,,,,,,,,,,,,,,,,,,,,,,,,,,,,,,,,,,,,,,,,,,,,,,,,,,,,,,,,,,,,,,,,,,,,,,,,,,106.7723
2021-02-12T15:58:00,2459258.165,-21.747,-18.023,0.02,3.725,1.881,0,1.881,8.575,0.02,0,,,,,,,,,,,,,,,,,,,,,,,,,,,,,,,,,,,,,,,,,,,,,,,,,,,,,,,,,,,,,,,,,,,,,,,,,,106.74025
2021-02-12T16:00:00,2459258.167,-21.997,-18.174,0.02,3.823,1.882,0,1.882,8.59,0.02,0,,,,,,,,,,,,,,,,,,,,,,,,,,,,,,,,,,,,,,,,,,,,,,,,,,,,,,,,,,,,,,,,,,,,,,,,,,106.92155
2021-02-12T16:02:00,2459258.168,-21.699,-17.886,0.023,3.813,1.872,0,1.872,8.573,0.023,0,,,,,,,,,,,,,,,,,,,,,,,,,,,,,,,,,,,,,,,,,,,,,,,,,,,,,,,,,,,,,,,,,,,,,,,,,,106.9104
2021-02-12T16:04:00,2459258.169,-21.805,-18.011,0.024,3.794,1.873,0,1.873,8.594,0.024,0,,,,,,,,,,,,,,,,,,,,,,,,,,,,,,,,,,,,,,,,,,,,,,,,,,,,,,,,,,,,,,,,,,,,,,,,,,106.8777
2021-02-12T16:06:00,2459258.171,-21.881,-18.078,0.029,3.803,1.873,0,1.873,8.585,0.029,0,,,,,,,,,,,,,,,,,,,,,,,,,,,,,,,,,,,,,,,,,,,,,,,,,,,,,,,,,,,,,,,,,,,,,,,,,,106.9066
2021-02-12T16:08:00,2459258.172,-22.645,-18.853,0.027,3.792,1.874,0,1.874,8.573,0.027,0,,,,,,,,,,,,,,,,,,,,,,,,,,,,,,,,,,,,,,,,,,,,,,,,,,,,,,,,,,,,,,,,,,,,,,,,,,106.88135
2021-02-12T16:10:00,2459258.174,-21.837,-18.071,0.027,3.766,1.875,0,1.875,8.577,0.027,0,,,,,,,,,,,,,,,,,,,,,,,,,,,,,,,,,,,,,,,,,,,,,,,,,,,,,,,,,,,,,,,,,,,,,,,,,,106.83324999999999
2021-02-12T16:12:00,2459258.175,-21.878,-18.047,0.023,3.832,1.886,0,1.886,8.583,0.023,0,,,,,,,,,,,,,,,,,,,,,,,,,,,,,,,,,,,,,,,,,,,,,,,,,,,,,,,,,,,,,,,,,,,,,,,,,,106.94555
2021-02-12T16:14:00,2459258.176,-23.013,-19.256,0.026,3.757,1.882,0,1.882,8.578,0.026,0,,,,,,,,,,,,,,,,,,,,,,,,,,,,,,,,,,,,,,,,,,,,,,,,,,,,,,,,,,,,,,,,,,,,,,,,,,106.81415
2021-02-12T16:16:00,2459258.178,-22.033,-18.202,0.025,3.832,1.873,0,1.873,8.568,0.025,0,,,,,,,,,,,,,,,,,,,,,,,,,,,,,,,,,,,,,,,,,,,,,,,,,,,,,,,,,,,,,,,,,,,,,,,,,,106.95045
2021-02-12T16:18:00,2459258.179,-22.067,-18.26,0.027,3.807,1.879,0,1.879,8.569,0.027,0,,,,,,,,,,,,,,,,,,,,,,,,,,,,,,,,,,,,,,,,,,,,,,,,,,,,,,,,,,,,,,,,,,,,,,,,,,106.9091
2021-02-12T16:20:00,2459258.181,-22.68,-18.866,0.024,3.814,1.877,0,1.877,8.568,0.024,0,,,,,,,,,,,,,,,,,,,,,,,,,,,,,,,,,,,,,,,,,,,,,,,,,,,,,,,,,,,,,,,,,,,,,,,,,,106.9147
2021-02-12T16:22:00,2459258.182,-22.208,-18.471,0.026,3.738,1.885,0,1.885,8.582,0.026,0,,,,,,,,,,,,,,,,,,,,,,,,,,,,,,,,,,,,,,,,,,,,,,,,,,,,,,,,,,,,,,,,,,,,,,,,,,106.779
2021-02-12T16:24:00,2459258.183,-22.591,-18.793,0.026,3.798,1.885,0,1.885,8.561,0.026,0,,,,,,,,,,,,,,,,,,,,,,,,,,,,,,,,,,,,,,,,,,,,,,,,,,,,,,,,,,,,,,,,,,,,,,,,,,106.89
2021-02-12T16:26:00,2459258.185,-22.551,-18.771,0.027,3.781,1.885,0,1.885,8.564,0.027,0,,,,,,,,,,,,,,,,,,,,,,,,,,,,,,,,,,,,,,,,,,,,,,,,,,,,,,,,,,,,,,,,,,,,,,,,,,106.861
2021-02-12T16:28:00,2459258.186,-22.247,-18.48,0.029,3.767,1.884,0,1.884,8.568,0.029,0,,,,,,,,,,,,,,,,,,,,,,,,,,,,,,,,,,,,,,,,,,,,,,,,,,,,,,,,,,,,,,,,,,,,,,,,,,106.84
2021-02-12T16:30:00,2459258.188,-22.949,-19.125,0.025,3.824,1.892,0,1.892,8.584,0.025,0,,,,,,,,,,,,,,,,,,,,,,,,,,,,,,,,,,,,,,,,,,,,,,,,,,,,,,,,,,,,,,,,,,,,,,,,,,106.93565
2021-02-12T16:32:00,2459258.189,-23.606,-19.81,0.028,3.796,1.886,0,1.886,8.569,0.028,0,,,,,,,,,,,,,,,,,,,,,,,,,,,,,,,,,,,,,,,,,,,,,,,,,,,,,,,,,,,,,,,,,,,,,,,,,,106.8912
2021-02-12T16:34:00,2459258.19,-21.837,-18.06,0.027,3.777,1.885,0,1.885,8.554,0.027,0,,,,,,,,,,,,,,,,,,,,,,,,,,,,,,,,,,,,,,,,,,,,,,,,,,,,,,,,,,,,,,,,,,,,,,,,,,106.8536
2021-02-12T16:36:00,2459258.192,-23.663,-19.862,0.023,3.8,1.881,0,1.881,8.561,0.023,0,,,,,,,,,,,,,,,,,,,,,,,,,,,,,,,,,,,,,,,,,,,,,,,,,,,,,,,,,,,,,,,,,,,,,,,,,,106.88635
2021-02-12T16:38:00,2459258.193,-22.081,-18.356,0.028,3.725,1.885,0,1.885,8.552,0.028,0,,,,,,,,,,,,,,,,,,,,,,,,,,,,,,,,,,,,,,,,,,,,,,,,,,,,,,,,,,,,,,,,,,,,,,,,,,106.75985
2021-02-12T16:40:00,2459258.194,-22.433,-18.63,0.025,3.803,1.888,0,1.888,8.576,0.025,0,,,,,,,,,,,,,,,,,,,,,,,,,,,,,,,,,,,,,,,,,,,,,,,,,,,,,,,,,,,,,,,,,,,,,,,,,,106.8968
2021-02-12T16:42:00,2459258.196,-22.573,-18.666,0.026,3.907,1.896,0,1.896,8.576,0.026,0,,,,,,,,,,,,,,,,,,,,,,,,,,,,,,,,,,,,,,,,,,,,,,,,,,,,,,,,,,,,,,,,,,,,,,,,,,107.09165
2021-02-12T16:44:00,2459258.197,-22.839,-19.193,0.023,3.646,1.888,0,1.888,8.56,0.023,0,,,,,,,,,,,,,,,,,,,,,,,,,,,,,,,,,,,,,,,,,,,,,,,,,,,,,,,,,,,,,,,,,,,,,,,,,,106.60145
2021-02-12T16:46:00,2459258.199,-22.283,-18.355,0.024,3.927,1.893,0,1.893,8.552,0.024,0,,,,,,,,,,,,,,,,,,,,,,,,,,,,,,,,,,,,,,,,,,,,,,,,,,,,,,,,,,,,,,,,,,,,,,,,,,107.12375
2021-02-12T16:48:00,2459258.2,-22.684,-18.874,0.023,3.81,1.892,0,1.892,8.551,0.023,0,,,,,,,,,,,,,,,,,,,,,,,,,,,,,,,,,,,,,,,,,,,,,,,,,,,,,,,,,,,,,,,,,,,,,,,,,,106.90485
2021-02-12T16:50:00,2459258.201,-22.824,-19.072,0.023,3.752,1.896,0,1.896,8.562,0.023,0,,,,,,,,,,,,,,,,,,,,,,,,,,,,,,,,,,,,,,,,,,,,,,,,,,,,,,,,,,,,,,,,,,,,,,,,,,106.79755
2021-02-12T16:52:00,2459258.203,-21.448,-17.581,0.027,3.866,1.886,0,1.886,8.553,0.027,0,,,,,,,,,,,,,,,,,,,,,,,,,,,,,,,,,,,,,,,,,,,,,,,,,,,,,,,,,,,,,,,,,,,,,,,,,,107.01825
2021-02-12T16:54:00,2459258.204,-23.036,-19.305,0.028,3.731,1.884,0,1.884,8.553,0.028,0,,,,,,,,,,,,,,,,,,,,,,,,,,,,,,,,,,,,,,,,,,,,,,,,,,,,,,,,,,,,,,,,,,,,,,,,,,106.77095
2021-02-12T16:56:00,2459258.206,-22.505,-18.601,0.022,3.904,1.892,0,1.892,8.567,0.022,0,,,,,,,,,,,,,,,,,,,,,,,,,,,,,,,,,,,,,,,,,,,,,,,,,,,,,,,,,,,,,,,,,,,,,,,,,,107.0763
2021-02-12T16:58:00,2459258.207,-22.448,-18.656,0.025,3.792,1.888,0,1.888,8.552,0.025,0,,,,,,,,,,,,,,,,,,,,,,,,,,,,,,,,,,,,,,,,,,,,,,,,,,,,,,,,,,,,,,,,,,,,,,,,,,106.87644999999999
2021-02-12T17:00:00,2459258.208,-22.354,-18.603,0.02,3.751,1.888,0,1.888,8.561,0.02,0,,,,,,,,,,,,,,,,,,,,,,,,,,,,,,,,,,,,,,,,,,,,,,,,,,,,,,,,,,,,,,,,,,,,,,,,,,106.78835
2021-02-12T17:02:00,2459258.21,-23.634,-19.705,0.022,3.929,1.902,0,1.902,8.561,0.022,0,,,,,,,,,,,,,,,,,,,,,,,,,,,,,,,,,,,,,,,,,,,,,,,,,,,,,,,,,,,,,,,,,,,,,,,,,,107.12254999999999
2021-02-12T17:04:00,2459258.211,-22.407,-18.553,0.024,3.854,1.891,0,1.891,8.553,0.024,0,,,,,,,,,,,,,,,,,,,,,,,,,,,,,,,,,,,,,,,,,,,,,,,,,,,,,,,,,,,,,,,,,,,,,,,,,,106.9887
2021-02-12T17:06:00,2459258.213,-23.69,-19.833,0.023,3.857,1.892,0,1.892,8.545,0.023,0,,,,,,,,,,,,,,,,,,,,,,,,,,,,,,,,,,,,,,,,,,,,,,,,,,,,,,,,,,,,,,,,,,,,,,,,,,106.9918
2021-02-12T17:08:00,2459258.214,-23.293,-19.496,0.025,3.797,1.899,0,1.899,8.558,0.025,0,,,,,,,,,,,,,,,,,,,,,,,,,,,,,,,,,,,,,,,,,,,,,,,,,,,,,,,,,,,,,,,,,,,,,,,,,,106.8857
2021-02-12T17:10:00,2459258.215,-22.773,-18.898,0.028,3.875,1.894,0,1.894,8.558,0.028,0,,,,,,,,,,,,,,,,,,,,,,,,,,,,,,,,,,,,,,,,,,,,,,,,,,,,,,,,,,,,,,,,,,,,,,,,,,107.03735
2021-02-12T17:12:00,2459258.217,-22.523,-18.73,0.032,3.793,1.895,0,1.895,8.566,0.032,0,,,,,,,,,,,,,,,,,,,,,,,,,,,,,,,,,,,,,,,,,,,,,,,,,,,,,,,,,,,,,,,,,,,,,,,,,,106.89545
2021-02-12T17:14:00,2459258.218,-24.072,-20.201,0.028,3.872,1.885,0,1.885,8.543,0.028,0,,,,,,,,,,,,,,,,,,,,,,,,,,,,,,,,,,,,,,,,,,,,,,,,,,,,,,,,,,,,,,,,,,,,,,,,,,107.0318
2021-02-12T17:16:00,2459258.219,-21.864,-18.088,0.026,3.776,1.89,0,1.89,8.557,0.026,0,,,,,,,,,,,,,,,,,,,,,,,,,,,,,,,,,,,,,,,,,,,,,,,,,,,,,,,,,,,,,,,,,,,,,,,,,,106.8493
2021-02-12T17:18:00,2459258.221,-23.564,-19.684,0.026,3.88,1.895,0,1.895,8.543,0.026,0,,,,,,,,,,,,,,,,,,,,,,,,,,,,,,,,,,,,,,,,,,,,,,,,,,,,,,,,,,,,,,,,,,,,,,,,,,107.04169999999999
2021-02-12T17:20:00,2459258.222,-23.766,-19.986,0.027,3.78,1.887,0,1.887,8.545,0.027,0,,,,,,,,,,,,,,,,,,,,,,,,,,,,,,,,,,,,,,,,,,,,,,,,,,,,,,,,,,,,,,,,,,,,,,,,,,106.85915
2021-02-12T17:22:00,2459258.224,-22.777,-18.893,0.027,3.884,1.888,0,1.888,8.561,0.027,0,,,,,,,,,,,,,,,,,,,,,,,,,,,,,,,,,,,,,,,,,,,,,,,,,,,,,,,,,,,,,,,,,,,,,,,,,,107.05154999999999
2021-02-12T17:24:00,2459258.225,-24.059,-20.308,0.025,3.751,1.886,0,1.886,8.557,0.025,0,,,,,,,,,,,,,,,,,,,,,,,,,,,,,,,,,,,,,,,,,,,,,,,,,,,,,,,,,,,,,,,,,,,,,,,,,,106.8006
2021-02-12T17:26:00,2459258.226,-23.546,-19.717,0.021,3.83,1.883,0,1.883,8.553,0.021,0,,,,,,,,,,,,,,,,,,,,,,,,,,,,,,,,,,,,,,,,,,,,,,,,,,,,,,,,,,,,,,,,,,,,,,,,,,106.93695
2021-02-12T17:28:00,2459258.228,-23.886,-19.957,0.029,3.928,1.892,0,1.892,8.539,0.029,0,,,,,,,,,,,,,,,,,,,,,,,,,,,,,,,,,,,,,,,,,,,,,,,,,,,,,,,,,,,,,,,,,,,,,,,,,,107.13785
2021-02-12T17:30:00,2459258.229,-22.541,-18.73,0.028,3.811,1.876,0,1.876,8.526,0.028,0,,,,,,,,,,,,,,,,,,,,,,,,,,,,,,,,,,,,,,,,,,,,,,,,,,,,,,,,,,,,,,,,,,,,,,,,,,106.91895
2021-02-12T17:32:00,2459258.231,-23.578,-19.71,0.026,3.868,1.882,0,1.882,8.557,0.026,0,,,,,,,,,,,,,,,,,,,,,,,,,,,,,,,,,,,,,,,,,,,,,,,,,,,,,,,,,,,,,,,,,,,,,,,,,,107.0195
2021-02-12T17:34:00,2459258.232,-23.933,-20.023,0.03,3.91,1.874,0,1.874,8.535,0.03,0,,,,,,,,,,,,,,,,,,,,,,,,,,,,,,,,,,,,,,,,,,,,,,,,,,,,,,,,,,,,,,,,,,,,,,,,,,107.107
2021-02-12T17:36:00,2459258.233,-23.165,-19.294,0.032,3.871,1.871,0,1.871,8.531,0.032,0,,,,,,,,,,,,,,,,,,,,,,,,,,,,,,,,,,,,,,,,,,,,,,,,,,,,,,,,,,,,,,,,,,,,,,,,,,107.03975
2021-02-12T17:38:00,2459258.235,-24.322,-20.515,0.029,3.807,1.876,0,1.876,8.529,0.029,0,,,,,,,,,,,,,,,,,,,,,,,,,,,,,,,,,,,,,,,,,,,,,,,,,,,,,,,,,,,,,,,,,,,,,,,,,,106.914
2021-02-12T17:40:00,2459258.236,-23.354,-19.453,0.029,3.901,1.881,0,1.881,8.531,0.029,0,,,,,,,,,,,,,,,,,,,,,,,,,,,,,,,,,,,,,,,,,,,,,,,,,,,,,,,,,,,,,,,,,,,,,,,,,,107.08789999999999
2021-02-12T17:42:00,2459258.238,-23.403,-19.556,0.03,3.847,1.881,0,1.881,8.54,0.03,0,,,,,,,,,,,,,,,,,,,,,,,,,,,,,,,,,,,,,,,,,,,,,,,,,,,,,,,,,,,,,,,,,,,,,,,,,,106.99045
2021-02-12T17:44:00,2459258.239,-23.202,-19.388,0.029,3.814,1.879,0,1.879,8.531,0.029,0,,,,,,,,,,,,,,,,,,,,,,,,,,,,,,,,,,,,,,,,,,,,,,,,,,,,,,,,,,,,,,,,,,,,,,,,,,106.92694999999999
2021-02-12T17:46:00,2459258.24,-22.548,-18.699,0.028,3.849,1.88,0,1.88,8.516,0.028,0,,,,,,,,,,,,,,,,,,,,,,,,,,,,,,,,,,,,,,,,,,,,,,,,,,,,,,,,,,,,,,,,,,,,,,,,,,106.98925
2021-02-12T17:48:00,2459258.242,-22.983,-19.097,0.031,3.886,1.884,0,1.884,8.562,0.031,0,,,,,,,,,,,,,,,,,,,,,,,,,,,,,,,,,,,,,,,,,,,,,,,,,,,,,,,,,,,,,,,,,,,,,,,,,,107.06505
2021-02-12T17:50:00,2459258.243,-23.194,-19.484,0.028,3.711,1.874,0,1.874,8.518,0.028,0,,,,,,,,,,,,,,,,,,,,,,,,,,,,,,,,,,,,,,,,,,,,,,,,,,,,,,,,,,,,,,,,,,,,,,,,,,106.73395
2021-02-12T17:52:00,2459258.244,-23.345,-19.368,0.03,3.977,1.877,0,1.877,8.526,0.03,0,,,,,,,,,,,,,,,,,,,,,,,,,,,,,,,,,,,,,,,,,,,,,,,,,,,,,,,,,,,,,,,,,,,,,,,,,,107.23094999999999
2021-02-12T17:54:00,2459258.246,-22.768,-18.956,0.025,3.812,1.882,0,1.882,8.524,0.025,0,,,,,,,,,,,,,,,,,,,,,,,,,,,,,,,,,,,,,,,,,,,,,,,,,,,,,,,,,,,,,,,,,,,,,,,,,,106.91345
2021-02-12T17:56:00,2459258.247,-23.846,-19.962,0.028,3.884,1.886,0,1.886,8.539,0.028,0,,,,,,,,,,,,,,,,,,,,,,,,,,,,,,,,,,,,,,,,,,,,,,,,,,,,,,,,,,,,,,,,,,,,,,,,,,107.054
2021-02-12T17:58:00,2459258.249,-24.341,-20.445,0.029,3.897,1.881,0,1.881,8.545,0.029,0,,,,,,,,,,,,,,,,,,,,,,,,,,,,,,,,,,,,,,,,,,,,,,,,,,,,,,,,,,,,,,,,,,,,,,,,,,107.0805
2021-02-12T18:00:00,2459258.25,-22.808,-18.978,0.027,3.83,1.914,0,1.914,9.06,0.027,0,,,,,,,,,,,,,,,,,,,,,,,,,,,,,,,,,,,,,,,,,,,,,,,,,,,,,,,,,,,,,,,,,,,,,,,,,,106.95165
2021-02-12T18:02:00,2459258.251,-23.792,-19.815,0.024,3.976,1.875,0,1.875,8.488,0.024,0,,,,,,,,,,,,,,,,,,,,,,,,,,,,,,,,,,,,,,,,,,,,,,,,,,,,,,,,,,,,,,,,,,,,,,,,,,107.2144
2021-02-12T18:04:00,2459258.253,-23.852,-20.113,0.025,3.739,1.873,0,1.873,8.51,0.025,0,,,,,,,,,,,,,,,,,,,,,,,,,,,,,,,,,,,,,,,,,,,,,,,,,,,,,,,,,,,,,,,,,,,,,,,,,,106.7784
2021-02-12T18:06:00,2459258.254,-24.039,-20.143,0.026,3.896,1.878,0,1.878,8.535,0.026,0,,,,,,,,,,,,,,,,,,,,,,,,,,,,,,,,,,,,,,,,,,,,,,,,,,,,,,,,,,,,,,,,,,,,,,,,,,107.0713
2021-02-12T18:08:00,2459258.256,-23.466,-19.647,0.028,3.819,1.884,0,1.884,8.529,0.028,0,,,,,,,,,,,,,,,,,,,,,,,,,,,,,,,,,,,,,,,,,,,,,,,,,,,,,,,,,,,,,,,,,,,,,,,,,,106.93375
2021-02-12T18:10:00,2459258.257,-23.541,-19.655,0.033,3.886,1.882,0,1.882,8.524,0.033,0,,,,,,,,,,,,,,,,,,,,,,,,,,,,,,,,,,,,,,,,,,,,,,,,,,,,,,,,,,,,,,,,,,,,,,,,,,107.06994999999999
2021-02-12T18:12:00,2459258.258,-23.558,-19.747,0.031,3.811,1.871,0,1.871,8.516,0.031,0,,,,,,,,,,,,,,,,,,,,,,,,,,,,,,,,,,,,,,,,,,,,,,,,,,,,,,,,,,,,,,,,,,,,,,,,,,106.9263
2021-02-12T18:14:00,2459258.26,-22.82,-18.989,0.031,3.831,1.876,0,1.876,8.52,0.031,0,,,,,,,,,,,,,,,,,,,,,,,,,,,,,,,,,,,,,,,,,,,,,,,,,,,,,,,,,,,,,,,,,,,,,,,,,,106.9633
2021-02-12T18:16:00,2459258.261,-23.979,-20.147,0.033,3.832,1.882,0,1.882,8.52,0.033,0,,,,,,,,,,,,,,,,,,,,,,,,,,,,,,,,,,,,,,,,,,,,,,,,,,,,,,,,,,,,,,,,,,,,,,,,,,106.97005
2021-02-12T18:18:00,2459258.263,-23.677,-19.81,0.034,3.867,1.887,0,1.887,8.497,0.034,0,,,,,,,,,,,,,,,,,,,,,,,,,,,,,,,,,,,,,,,,,,,,,,,,,,,,,,,,,,,,,,,,,,,,,,,,,,107.03725
2021-02-12T18:20:00,2459258.264,-23.562,-19.759,0.029,3.803,1.867,0,1.867,8.5,0.029,0,,,,,,,,,,,,,,,,,,,,,,,,,,,,,,,,,,,,,,,,,,,,,,,,,,,,,,,,,,,,,,,,,,,,,,,,,,106.9066
2021-02-12T18:22:00,2459258.265,-24.192,-20.377,0.031,3.816,1.872,0,1.872,8.511,0.031,0,,,,,,,,,,,,,,,,,,,,,,,,,,,,,,,,,,,,,,,,,,,,,,,,,,,,,,,,,,,,,,,,,,,,,,,,,,106.93554999999999
2021-02-12T18:24:00,2459258.267,-23.05,-19.214,0.031,3.836,1.863,0,1.863,8.523,0.031,0,,,,,,,,,,,,,,,,,,,,,,,,,,,,,,,,,,,,,,,,,,,,,,,,,,,,,,,,,,,,,,,,,,,,,,,,,,106.97255
2021-02-12T18:26:00,2459258.268,-24.742,-20.966,0.031,3.776,1.867,0,1.867,8.499,0.031,0,,,,,,,,,,,,,,,,,,,,,,,,,,,,,,,,,,,,,,,,,,,,,,,,,,,,,,,,,,,,,,,,,,,,,,,,,,106.86155
2021-02-12T18:28:00,2459258.269,-24.707,-20.861,0.025,3.845,1.863,0,1.863,8.497,0.025,0,,,,,,,,,,,,,,,,,,,,,,,,,,,,,,,,,,,,,,,,,,,,,,,,,,,,,,,,,,,,,,,,,,,,,,,,,,106.97449999999999
2021-02-12T18:30:00,2459258.271,-23.401,-19.556,0.02,3.845,1.863,0,1.863,8.494,0.02,0,,,,,,,,,,,,,,,,,,,,,,,,,,,,,,,,,,,,,,,,,,,,,,,,,,,,,,,,,,,,,,,,,,,,,,,,,,106.96225
2021-02-12T18:32:00,2459258.272,-23.646,-19.92,0.041,3.726,1.854,0,1.854,8.427,0.041,0,,,,,,,,,,,,,,,,,,,,,,,,,,,,,,,,,,,,,,,,,,,,,,,,,,,,,,,,,,,,,,,,,,,,,,,,,,106.79355
2021-02-12T18:34:00,2459258.274,-25.09,-21.342,0.04,3.748,1.862,0,1.862,8.443,0.04,0,,,,,,,,,,,,,,,,,,,,,,,,,,,,,,,,,,,,,,,,,,,,,,,,,,,,,,,,,,,,,,,,,,,,,,,,,,106.8318
2021-02-12T18:36:00,2459258.275,-22.73,-18.904,0.041,3.826,1.866,0,1.866,8.432,0.041,0,,,,,,,,,,,,,,,,,,,,,,,,,,,,,,,,,,,,,,,,,,,,,,,,,,,,,,,,,,,,,,,,,,,,,,,,,,106.97855
2021-02-12T18:38:00,2459258.276,-24.367,-20.578,0.042,3.789,1.86,0,1.86,8.448,0.042,0,,,,,,,,,,,,,,,,,,,,,,,,,,,,,,,,,,,,,,,,,,,,,,,,,,,,,,,,,,,,,,,,,,,,,,,,,,106.91255
2021-02-12T18:40:00,2459258.278,-23.591,-19.697,0.042,3.894,1.861,0,1.861,8.436,0.042,0,,,,,,,,,,,,,,,,,,,,,,,,,,,,,,,,,,,,,,,,,,,,,,,,,,,,,,,,,,,,,,,,,,,,,,,,,,107.10679999999999
2021-02-12T18:42:00,2459258.279,-23.511,-19.684,0.045,3.827,1.867,0,1.867,8.426,0.045,0,,,,,,,,,,,,,,,,,,,,,,,,,,,,,,,,,,,,,,,,,,,,,,,,,,,,,,,,,,,,,,,,,,,,,,,,,,106.9902
2021-02-12T18:44:00,2459258.281,-24.545,-20.709,0.038,3.835,1.862,0,1.862,8.448,0.038,0,,,,,,,,,,,,,,,,,,,,,,,,,,,,,,,,,,,,,,,,,,,,,,,,,,,,,,,,,,,,,,,,,,,,,,,,,,106.98785
2021-02-12T18:46:00,2459258.282,-23.961,-20.136,0.04,3.825,1.866,0,1.866,8.421,0.04,0,,,,,,,,,,,,,,,,,,,,,,,,,,,,,,,,,,,,,,,,,,,,,,,,,,,,,,,,,,,,,,,,,,,,,,,,,,106.97425
2021-02-12T18:48:00,2459258.283,-22.981,-19.084,0.036,3.897,1.863,0,1.863,8.428,0.036,0,,,,,,,,,,,,,,,,,,,,,,,,,,,,,,,,,,,,,,,,,,,,,,,,,,,,,,,,,,,,,,,,,,,,,,,,,,107.09765
2021-02-12T18:50:00,2459258.285,-25.121,-21.382,0.036,3.739,1.869,0,1.869,8.475,0.036,0,,,,,,,,,,,,,,,,,,,,,,,,,,,,,,,,,,,,,,,,,,,,,,,,,,,,,,,,,,,,,,,,,,,,,,,,,,106.80535
2021-02-12T18:52:00,2459258.286,-22.818,-18.991,0.039,3.828,1.862,0,1.862,8.422,0.039,0,,,,,,,,,,,,,,,,,,,,,,,,,,,,,,,,,,,,,,,,,,,,,,,,,,,,,,,,,,,,,,,,,,,,,,,,,,106.97735
2021-02-12T18:54:00,2459258.288,-24.015,-20.191,0.038,3.823,1.858,0,1.858,8.415,0.038,0,,,,,,,,,,,,,,,,,,,,,,,,,,,,,,,,,,,,,,,,,,,,,,,,,,,,,,,,,,,,,,,,,,,,,,,,,,106.96565
2021-02-12T18:56:00,2459258.289,-23.732,-20.045,0.038,3.687,1.863,0,1.863,8.419,0.038,0,,,,,,,,,,,,,,,,,,,,,,,,,,,,,,,,,,,,,,,,,,,,,,,,,,,,,,,,,,,,,,,,,,,,,,,,,,106.71405
2021-02-12T18:58:00,2459258.29,-22.728,-18.95,0.042,3.778,1.865,0,1.865,8.42,0.042,0,,,,,,,,,,,,,,,,,,,,,,,,,,,,,,,,,,,,,,,,,,,,,,,,,,,,,,,,,,,,,,,,,,,,,,,,,,106.8922
2021-02-12T19:00:00,2459258.292,-24.236,-20.457,0.042,3.778,1.877,0,1.877,8.426,0.042,0,,,,,,,,,,,,,,,,,,,,,,,,,,,,,,,,,,,,,,,,,,,,,,,,,,,,,,,,,,,,,,,,,,,,,,,,,,106.8922
2021-02-12T19:02:00,2459258.293,-23.307,-19.563,0.042,3.744,1.868,0,1.868,8.482,0.042,0,,,,,,,,,,,,,,,,,,,,,,,,,,,,,,,,,,,,,,,,,,,,,,,,,,,,,,,,,,,,,,,,,,,,,,,,,,106.8293
2021-02-12T19:04:00,2459258.294,-23.12,-19.331,0.043,3.789,1.864,0,1.864,8.43,0.043,0,,,,,,,,,,,,,,,,,,,,,,,,,,,,,,,,,,,,,,,,,,,,,,,,,,,,,,,,,,,,,,,,,,,,,,,,,,106.91499999999999
2021-02-12T19:06:00,2459258.296,-25.125,-21.334,0.044,3.791,1.859,0,1.859,8.441,0.044,0,,,,,,,,,,,,,,,,,,,,,,,,,,,,,,,,,,,,,,,,,,,,,,,,,,,,,,,,,,,,,,,,,,,,,,,,,,106.92115
2021-02-12T19:08:00,2459258.297,-22.942,-19.217,0.045,3.725,1.851,0,1.851,8.456,0.045,0,,,,,,,,,,,,,,,,,,,,,,,,,,,,,,,,,,,,,,,,,,,,,,,,,,,,,,,,,,,,,,,,,,,,,,,,,,106.8015
2021-02-12T19:10:00,2459258.299,-24.683,-20.95,0.041,3.732,1.862,0,1.862,8.416,0.041,0,,,,,,,,,,,,,,,,,,,,,,,,,,,,,,,,,,,,,,,,,,,,,,,,,,,,,,,,,,,,,,,,,,,,,,,,,,106.80465
2021-02-12T19:12:00,2459258.3,-25.435,-21.622,0.04,3.813,1.858,0,1.858,8.434,0.04,0,,,,,,,,,,,,,,,,,,,,,,,,,,,,,,,,,,,,,,,,,,,,,,,,,,,,,,,,,,,,,,,,,,,,,,,,,,106.95205
2021-02-12T19:14:00,2459258.301,-24.69,-20.945,0.041,3.745,1.858,0,1.858,8.402,0.041,0,,,,,,,,,,,,,,,,,,,,,,,,,,,,,,,,,,,,,,,,,,,,,,,,,,,,,,,,,,,,,,,,,,,,,,,,,,106.8287
2021-02-12T19:16:00,2459258.303,-25.441,-21.662,0.044,3.778,1.856,0,1.856,8.406,0.044,0,,,,,,,,,,,,,,,,,,,,,,,,,,,,,,,,,,,,,,,,,,,,,,,,,,,,,,,,,,,,,,,,,,,,,,,,,,106.8971
2021-02-12T19:18:00,2459258.304,-24.207,-20.416,0.043,3.791,1.847,0,1.847,8.385,0.043,0,,,,,,,,,,,,,,,,,,,,,,,,,,,,,,,,,,,,,,,,,,,,,,,,,,,,,,,,,,,,,,,,,,,,,,,,,,106.9187
2021-02-12T19:20:00,2459258.306,-25.813,-22.044,0.043,3.77,1.851,0,1.851,8.406,0.043,0,,,,,,,,,,,,,,,,,,,,,,,,,,,,,,,,,,,,,,,,,,,,,,,,,,,,,,,,,,,,,,,,,,,,,,,,,,106.87985
2021-02-12T19:22:00,2459258.307,-24.842,-21.081,0.043,3.761,1.854,0,1.854,8.386,0.043,0,,,,,,,,,,,,,,,,,,,,,,,,,,,,,,,,,,,,,,,,,,,,,,,,,,,,,,,,,,,,,,,,,,,,,,,,,,106.86319999999999
2021-02-12T19:24:00,2459258.308,-24.973,-21.263,0.043,3.71,1.854,0,1.854,8.419,0.043,0,,,,,,,,,,,,,,,,,,,,,,,,,,,,,,,,,,,,,,,,,,,,,,,,,,,,,,,,,,,,,,,,,,,,,,,,,,106.76885
2021-02-12T19:26:00,2459258.31,-25.416,-21.701,0.039,3.715,1.856,0,1.856,8.408,0.039,0,,,,,,,,,,,,,,,,,,,,,,,,,,,,,,,,,,,,,,,,,,,,,,,,,,,,,,,,,,,,,,,,,,,,,,,,,,106.7683
2021-02-12T19:28:00,2459258.311,-23.638,-20.036,0.042,3.602,1.85,0,1.85,8.403,0.042,0,,,,,,,,,,,,,,,,,,,,,,,,,,,,,,,,,,,,,,,,,,,,,,,,,,,,,,,,,,,,,,,,,,,,,,,,,,106.5666
2021-02-12T19:30:00,2459258.313,-25.382,-21.591,0.043,3.791,1.856,0,1.856,8.412,0.043,0,,,,,,,,,,,,,,,,,,,,,,,,,,,,,,,,,,,,,,,,,,,,,,,,,,,,,,,,,,,,,,,,,,,,,,,,,,106.9187
2021-02-12T19:32:00,2459258.314,-24.973,-21.32,0.043,3.653,1.844,0,1.844,8.398,0.043,0,,,,,,,,,,,,,,,,,,,,,,,,,,,,,,,,,,,,,,,,,,,,,,,,,,,,,,,,,,,,,,,,,,,,,,,,,,106.6634
2021-02-12T19:34:00,2459258.315,-24.372,-20.702,0.044,3.67,1.844,0,1.844,8.389,0.044,0,,,,,,,,,,,,,,,,,,,,,,,,,,,,,,,,,,,,,,,,,,,,,,,,,,,,,,,,,,,,,,,,,,,,,,,,,,106.6973
2021-02-12T19:36:00,2459258.317,-25.839,-22.068,0.043,3.771,1.843,0,1.843,8.402,0.043,0,,,,,,,,,,,,,,,,,,,,,,,,,,,,,,,,,,,,,,,,,,,,,,,,,,,,,,,,,,,,,,,,,,,,,,,,,,106.8817
2021-02-12T19:38:00,2459258.318,-24.4,-20.828,0.044,3.572,1.834,0,1.834,8.4,0.044,0,,,,,,,,,,,,,,,,,,,,,,,,,,,,,,,,,,,,,,,,,,,,,,,,,,,,,,,,,,,,,,,,,,,,,,,,,,106.51599999999999
2021-02-12T19:40:00,2459258.319,-25.418,-21.71,0.057,3.708,1.839,0,1.839,8.408,0.057,0,,,,,,,,,,,,,,,,,,,,,,,,,,,,,,,,,,,,,,,,,,,,,,,,,,,,,,,,,,,,,,,,,,,,,,,,,,106.79945
2021-02-12T19:42:00,2459258.321,-24.687,-21.114,0.064,3.573,1.841,0,1.841,8.449,0.064,0,,,,,,,,,,,,,,,,,,,,,,,,,,,,,,,,,,,,,,,,,,,,,,,,,,,,,,,,,,,,,,,,,,,,,,,,,,106.56685
2021-02-12T19:44:00,2459258.322,-25.257,-21.663,0.063,3.594,1.83,0,1.83,8.447,0.063,0,,,,,,,,,,,,,,,,,,,,,,,,,,,,,,,,,,,,,,,,,,,,,,,,,,,,,,,,,,,,,,,,,,,,,,,,,,106.60325
2021-02-12T19:46:00,2459258.324,-24.98,-21.399,0.06,3.582,1.831,0,1.831,8.439,0.06,0,,,,,,,,,,,,,,,,,,,,,,,,,,,,,,,,,,,,,,,,,,,,,,,,,,,,,,,,,,,,,,,,,,,,,,,,,,106.5737
2021-02-12T19:48:00,2459258.325,-26.022,-22.407,0.06,3.615,1.821,0,1.821,8.427,0.06,0,,,,,,,,,,,,,,,,,,,,,,,,,,,,,,,,,,,,,,,,,,,,,,,,,,,,,,,,,,,,,,,,,,,,,,,,,,106.63475
2021-02-12T19:50:00,2459258.326,-25.205,-21.658,0.058,3.547,1.823,0,1.823,8.45,0.058,0,,,,,,,,,,,,,,,,,,,,,,,,,,,,,,,,,,,,,,,,,,,,,,,,,,,,,,,,,,,,,,,,,,,,,,,,,,106.50404999999999
2021-02-12T19:52:00,2459258.328,-25.654,-21.956,0.057,3.698,1.824,0,1.824,8.441,0.057,0,,,,,,,,,,,,,,,,,,,,,,,,,,,,,,,,,,,,,,,,,,,,,,,,,,,,,,,,,,,,,,,,,,,,,,,,,,106.78094999999999
2021-02-12T19:54:00,2459258.329,-25.214,-21.585,0.06,3.628,1.817,0,1.817,8.429,0.06,0,,,,,,,,,,,,,,,,,,,,,,,,,,,,,,,,,,,,,,,,,,,,,,,,,,,,,,,,,,,,,,,,,,,,,,,,,,106.6588
2021-02-12T19:56:00,2459258.331,-26.196,-22.67,0.057,3.526,1.816,0,1.816,8.445,0.057,0,,,,,,,,,,,,,,,,,,,,,,,,,,,,,,,,,,,,,,,,,,,,,,,,,,,,,,,,,,,,,,,,,,,,,,,,,,106.46275
2021-02-12T19:58:00,2459258.332,-25.503,-21.947,0.062,3.556,1.819,0,1.819,8.43,0.062,0,,,,,,,,,,,,,,,,,,,,,,,,,,,,,,,,,,,,,,,,,,,,,,,,,,,,,,,,,,,,,,,,,,,,,,,,,,106.5305
